study_hours,attendance,sleep_hours,phone_time,stress_level,passed
5.993428306022466,85.70612997219531,6.364360476965945,7.451387585629542,3.6430105390255565,1
4.72347139765763,89.68184660532862,6.319878837424219,4.243688928264908,4.389001073892694,1
6.295377076201385,76.68691616816677,4.306535241054977,5.5068349468421856,3.8052378779097142,1
8.046059712816051,73.8776326549225,6.504864712447844,4.199652630199536,5.220836093892239,1
4.531693250553328,69.14849473442202,8.099243622732617,2.6653332375670393,7.3943570629238256,1
4.531726086101639,71.74589470021044,5.088651821384808,0.0,3.457915685717591,1
8.158425631014783,100.0,8.572723976575888,4.410911374072605,7.001640995536828,1
6.534869458305818,92.44679580736786,7.731662231626507,2.448786790795218,3.436655855306225,1
4.061051228130096,66.48925633791978,5.898650017043443,2.3993291876693927,3.3047455750062316,0
6.085120087171929,66.7754204325643,6.787705543993229,3.0020254880417765,6.637189236686426,1
4.0731646143750755,84.81866061718492,9.39748271146155,7.489722813246987,6.843872756015234,0
4.068540492859486,85.47264797377967,8.1003217202588,8.809675084507946,6.702819873525309,0
5.483924543132068,85.48883835317365,7.013175482347222,4.434415875056802,2.3684051835637177,1
1.1734395106844042,77.45044206446302,6.643475024558524,3.0704655521765445,4.0680980438558985,0
1.5501643349739345,78.745457399971,7.114913605677489,1.6455471650975793,6.645977184006643,0
3.8754249415180544,83.27879524159357,6.232354663086545,4.937080323092138,5.083083681127789,0
2.9743377593311524,80.85893006293331,3.8428757414214783,7.5658112001302875,2.8526143076050716,0
5.628494665190548,57.80699627252465,10.063266865802095,3.5053192259496866,5.916635878250883,1
3.1839518489575784,77.70200369424806,7.232987498799102,0.0,3.570385482017059,1
2.175392597329417,71.48593565739687,7.597220897683806,5.3400993436310475,8.589049696784425,0
7.931297537843108,81.75211418908512,6.913138375184637,5.9707994229000985,8.089682924836517,1
4.548447399026928,100.0,5.897324798913118,0.8283087192283052,6.208194852711134,1
5.1350564093758475,83.67481665474304,6.721113278576844,4.352968367325905,7.722013409539548,0
2.1505036275730864,76.86470313827603,4.600907856708533,4.902452032272198,5.129582700246762,0
3.9112345509496347,89.21801501977252,10.415629747079958,3.853785395982123,6.530874988750032,1
5.2218451794197325,84.82687887209212,5.148232002366406,2.4184581618292924,7.95544059060415,1
2.6980128451553944,84.20094490451841,5.452050574229231,6.031874447127112,5.490997363588625,0
5.751396036691344,86.06850593215671,6.339611193420399,3.193240508062635,4.489625656971433,1
3.79872262016239,100.0,8.932113587278566,1.0296276746001358,1.5907560836457684,1
4.416612500413446,68.69111564674084,7.021763498893981,0.0,4.833732948557012,1
3.796586775541206,84.73632076811454,5.145796305954306,6.521699039998619,6.6468463691246225,0
8.704556369017876,70.73618870018461,8.88150754113601,5.233327952942236,6.891266855135259,1
4.973005550524132,85.55512646342248,8.096500940178222,4.175947094258338,6.0087301314368196,1
2.8845781420881993,70.81313488513905,7.807652435824679,3.119450726298393,3.9174018100755204,1
6.645089824206378,75.82633186394915,8.07360136175626,2.942003171593746,1.046356862104819,1
2.5583127000579555,77.04910085762094,10.591542850873676,1.8485267031167774,4.00956980399053,1
5.4177271900095105,89.7581671934471,10.277642342554168,3.1370887108802306,4.391310257892097,1
1.0806597522404489,89.18454443942414,5.969926985495057,0.0,4.374142065619972,1
2.343627902203139,67.54282623553615,9.435827489216727,2.527872693062972,6.237112713955849,0
5.393722471738247,80.5493411099985,7.57475228463835,3.378124967297812,8.97135282202968,1
6.476933159990821,72.90420145250827,7.748643724206624,5.219760094380838,5.247058403682186,1
5.342736562379941,67.41495089324665,4.461593752535007,3.9201470732532724,4.5665364216870765,0
4.768703435223519,77.8298294957563,6.744421351917706,5.589846227751118,4.481556373991815,0
4.3977926088214225,76.9151721154418,5.780764614495153,6.698270210226859,5.2487695338154285,0
2.0429560192651453,100.0,8.242088222339964,6.116340187648204,3.3434124793032023,0
3.5603115832105825,84.32959825360696,8.606620750604208,4.941019694757114,5.24039711749211,0
4.078722458080425,66.22382499245762,3.888270473475533,4.023725358361569,5.9016246726635995,0
7.114244452437831,74.35225995829057,6.966947703993594,2.0384239831728816,5.419372127148976,1
5.687236579136923,90.21383295429399,8.682792257191378,5.479888102758633,5.915083868009562,1
1.473919689274532,100.0,6.719981556529833,7.359494764443058,5.867495218697071,0
5.64816793878959,64.14016687762042,8.093595467503548,4.684212079300837,1.4562066355071126,1
4.229835439167367,61.20075614860955,7.526748201440626,7.834518296852246,6.273740316790806,0
3.6461559993880828,98.70965175371782,7.5124903479289395,0.9488565838778324,3.6579703086750928,1
6.2233525776817356,83.89614177370903,6.593027532897554,1.6916732304409172,2.808321673992084,1
7.061999044991902,71.31707268123634,5.175128793796436,5.710403015496525,2.7910963442900076,1
6.862560238232398,85.34629086122435,5.317704778862459,4.528580420306502,5.867083220945059,1
3.3215649535547227,53.64252260983122,8.064028771682976,6.627564353143615,4.554850145550294,0
4.381575248297571,80.0337550659716,7.029187383278325,3.9690567185465206,1.6360624320291786,1
5.662526862807128,83.27821172843085,6.792231633089163,2.2640491549433364,5.956075630384567,1
6.951090254244718,89.2427013953783,6.364164936516471,3.5728135155899152,2.1207837384023454,1
4.04165152430942,69.86104047707462,6.542216731778872,0.9346320581525318,5.279642717036422,1
4.628682046672366,80.8568716140336,8.570367691732208,1.742818653805931,5.476997851346108,1
2.7873300519879436,70.74575373940412,6.49713387719796,5.94488799583602,6.77115416339009,0
2.6075867518386584,82.55383755674318,4.988402930047647,5.74557482893922,8.563369572933702,0
6.625051644788396,71.04653677636976,8.11547766331026,4.726008569612154,2.2706473481989167,1
7.712480057141645,75.91899160839779,6.692685004202924,0.5578449580790612,4.895052287873901,1
4.855979756839332,70.04184605209771,7.047093798299165,3.283192848974223,4.447329409911565,1
7.007065795784048,86.51136241823657,9.411367459599266,1.5500002226798988,5.867499371921925,1
5.723272050095268,88.58451116656666,6.969159163974239,6.35306650757553,5.431337541867237,0
3.7097604907897512,77.65379430042586,7.433775509678088,2.8325557328747974,4.29490751452676,1
5.722791211016828,80.38237994960028,5.231614763052512,1.8285045784369012,4.118195622778289,1
8.076073132931938,65.51408585366455,6.67049582147356,4.0595923302428485,2.767098289631905,1
4.928347921780097,77.00323351993212,7.914289067812902,2.7196910863307764,6.975723164813019,1
8.129287311628012,79.49795382958256,4.666939399238137,6.967487820407413,5.918408363199059,0
0.0,100.0,7.301267639673564,2.530378204931618,6.835536395590275,0
6.643805008750448,68.88032974225837,7.151186608967209,1.2015434815507375,4.379207727048973,1
5.174094136476342,94.64177238752437,7.061931183381159,0.0,3.686329062611139,1
4.401985299068265,89.96858773465809,8.555738347987365,3.9384269951731694,2.8433698667415443,1
5.183521553071005,82.80636404490136,7.501657772272782,2.876139772284147,5.717835167481319,1
1.0248621707982144,97.58620484195134,9.217107847534667,1.1421907869765464,2.9204135509435307,1
4.560656224324976,83.72105472606863,5.509615726608946,6.3784529225115705,8.6973261379331,0
5.7142251430234925,83.89159195667929,7.203886850827522,5.334490294858484,2.384714837813119,1
7.955788089483033,79.46879346982455,7.126700179584921,3.9435642421255404,5.547320238425003,1
3.9634595634527052,92.23568882418627,5.39611825936738,6.728652488341734,8.133709414427573,0
3.3830127942136246,90.96469233810883,8.434442503137019,5.325072066797226,6.198179518527618,0
3.996485912830927,73.74322712503788,10.487009958779227,2.354288196963135,5.351347424983558,1
6.830804235404148,66.80752805401232,6.974490888274254,1.9215596720184678,3.063032706076209,1
5.657502219319369,77.97019362604343,7.75753163241065,5.635963088907722,2.236461622864592,1
3.9404795924659224,71.99961435602353,7.126777713722991,4.792733912934702,6.540100217835172,0
6.026534866226712,79.36475425384644,5.929622995139236,4.339495535941324,8.012294481549894,1
5.194155098696081,92.37438134684139,4.268859583296976,2.3070043942621856,4.122300019043657,1
6.937289981065779,75.4269834491321,5.941339775356952,5.215895134011507,2.721876984767298,1
3.5958938122452953,79.57176618688425,4.912062428572403,2.4890022337321014,0.08366113890196303,1
4.3446757068044635,80.58022734808395,9.556153117088677,3.796026690812644,3.0384703126749244,1
4.215783693735685,88.48430882205284,6.827335459115141,6.89388829277396,4.77268631500192,1
2.072970103735763,57.53110666015395,6.481121006429244,2.6783315283797084,8.198246481673468,0
5.592240554129152,73.93299705234703,8.333730737181709,0.8540214858542781,6.346267384465937,1
5.522110544359778,82.11283692279473,5.3173733457161685,1.8949056162597793,5.610170809413506,1
5.010226913284922,92.00078956426862,5.849703942993171,5.988597653375247,4.199760677397738,1
4.530825733249706,75.08097552493795,7.102108403872932,4.509462274760419,3.8336685654880873,1
2.1692585158991715,61.23447293958126,8.543153487135221,3.742245242622493,7.811295195015927,0
4.158709354469282,86.19711445966136,7.752527567753182,2.981812389376861,5.401477081516779,1
4.314570966946461,73.6463761117437,7.372487713773824,4.9707198151063805,0.7947986161579559,1
3.395445461556762,68.1033334090964,7.117176602854024,2.301790298019553,3.6529207042055143,1
4.677428576667982,73.75654610286776,7.600353783290163,4.611331137285192,3.2835679364567465,1
5.8081017136290765,78.15474642344151,7.302479357693882,2.537490862374086,3.9074719816450703,1
8.77237180242106,73.95255335461788,5.455041587834597,2.204681229449892,6.125821320570171,1
5.349155625663678,57.944339429009304,7.069118832449727,2.7250251303499766,4.7851102364115015,1
5.515100781445529,88.97066196887133,5.389467011623371,3.2491851070320763,4.846269185992676,1
4.851108168467666,92.74875041278722,7.121623814351236,3.9023403281325937,7.626946322650474,1
1.162457569401917,86.51521991339506,6.279028087767638,4.4709115902222285,3.607077820426623,0
4.946972249101567,68.62314329575183,10.809072434174292,0.0,8.7283990517747,1
5.120460419882053,77.98508466052482,6.940158424372432,2.38469888450647,3.657384817257828,1
9.926484224970572,79.93478684770542,4.893640650607617,3.2168600452879215,5.1783963932251424,1
4.615278070437755,85.9879438956191,6.798729683984613,7.01012407721666,4.4375928091944665,0
5.603094684667225,86.68340488718081,7.779038118456832,1.8399947832357357,5.246838267001922,1
4.9305764605895135,72.65826201221505,9.510045919228785,4.3255932361998255,5.8891839901462575,1
2.662643924760936,80.8199555641356,6.115821400091923,6.9900606194716755,5.867670480177753,0
7.285645629030041,84.57280404615241,4.62635803896454,1.3740629401054543,3.4937653387588403,1
6.503866065373549,94.55822322146767,8.225255517146472,4.787950451728805,2.7541706451048587,1
6.582063894086094,87.04506539824723,4.929101941150523,2.3954563321309594,10.0,1
3.181225090410522,87.89056687375519,6.345766837738773,2.9907325154215307,4.032031320798894,1
7.805588621872198,80.8382662792936,6.613569271733509,2.3937783320933708,6.398424877343973,1
2.1962978744154382,94.10459145203504,6.895549820049838,2.536285383168228,1.7847173789536064,1
6.173714187600541,84.09762795959497,8.033746685611504,9.443824295812986,4.440774560190646,0
9.380911251619956,71.3891208982643,5.9745485765704185,5.688911744143331,4.745601232035114,1
3.0189273497386235,94.0336997012519,6.5894061217498585,6.203475723572418,5.945630139855665,0
3.867404540794456,86.97903272539028,6.978594470575917,4.983986973672993,0.0,1
5.199302730175282,75.56955978871518,7.224396936278182,0.7874864231960839,5.3322812261566614,1
3.9930486917676014,75.20507032600757,7.146740762061884,4.7899159406466145,2.7005170892642143,0
1.8986731378677346,82.96575545140762,7.65400866283387,6.145859229014693,5.648691422389848,0
5.137125949612055,84.63184795267584,8.265759264462606,2.293201051921777,2.927341606323674,1
2.8753925725477902,81.97292265631206,7.588951173476452,5.930653334322253,3.289034608148837,0
5.9471848612703635,83.11308673442885,7.680378285263828,5.408672419708157,4.452744779213464,1
3.1611515315323935,96.9995737457638,4.626665249880284,7.70408008962734,2.8953410607936094,0
8.09986881003508,90.71543152234887,7.07534154874852,3.1644339749727624,4.04893110652929,1
3.4334934153275256,81.90635591265024,7.719261322002413,1.8047780354485465,2.6132484629133694,1
4.355876967588649,89.41310580767484,8.093411791855676,3.2767437812549085,1.333659096602545,1
6.62703443473934,69.67476096472461,5.961473838649309,6.871141986327247,7.035914104858719,1
2.5382713671320896,83.97927049946809,6.011441087667032,0.34318823831607403,2.4079026143521434,1
5.4549198692082586,98.0930634973311,6.138848987074603,0.0,4.642638224784033,1
7.614285508564857,77.81954104607627,7.804620849837015,4.178790557863227,6.50578216298757,1
1.785033530877545,71.52366071380915,8.550821582386313,3.1148214144516877,3.7701117949679137,0
5.369267717064608,73.4791111140694,6.388809839062597,4.015455786351369,3.3496682005089244,1
5.519765588496847,69.10366962657612,8.361943470440574,5.89062354247173,5.452476177334843,1
6.563645743554621,72.15238091872297,7.185219713746891,2.8948613077622953,7.235867645454304,1
2.526098578243836,76.2949190140997,6.813571334256346,0.2539883381387589,2.6613694698270622,1
2.3590867738314474,65.94432980821358,6.682923655273046,8.088963114399888,4.699704335965122,0
6.0438831312337955,80.15618333949602,8.119917046903236,2.0055434251224478,1.5350108100653452,1
5.5939693464663724,89.02277173786648,7.488366725180605,1.881925755975805,4.21359799263562,1
5.5009857006917535,70.9224381985308,10.413738141471455,6.207440027445193,5.068409369076151,1
5.692896418993952,95.19283923641768,5.7216630355040135,3.231021757916964,3.2907507164898684,1
3.6399505568430186,85.10792088527595,7.777152553044964,3.8732202959303783,4.086016332349537,1
5.464507394322007,90.30580585624057,6.206198485282731,4.965580248120636,2.1835464633851,1
5.586144946597362,73.42165446147862,5.696069519517034,6.167166206219991,5.154157222762987,0
3.571297163947264,88.54525227066615,6.983699294447542,3.333078613636456,7.111388497766299,1
8.731549022289514,69.08066099604687,7.206028719110554,7.0399040118285985,2.8057122604590727,1
5.947665841823575,88.90247500836509,11.377260332590138,0.0,3.7546564668952342,1
2.617393005594703,81.71839339793532,6.723781276475197,5.519574473906154,6.005092492908363,0
6.313107217267659,85.53251219984784,5.304731905772975,2.3209448839646853,7.424181438645473,1
3.050636659545357,68.24405394375148,7.409516076241578,6.744542633215983,2.0136203755821374,0
6.574169207484904,71.04930157723395,3.8880399436804476,4.2840889576610905,4.6624305251681015,1
7.317191158014808,85.97228218253385,6.862064826093601,2.6541893359811968,5.5662616446390505,1
3.358635363296579,70.51651995775799,7.024037923442741,5.325682186043265,4.795887218742304,0
6.926752258488643,84.63206292099123,8.191900574417817,5.786376694414503,0.04641586624582583,1
5.825561853872997,66.32862193539754,8.46043337414177,5.283788245717276,6.002180018617544,1
6.64412031998898,88.48174212666669,6.244645571638424,1.940607520733879,8.038672702181287,1
8.793585965307894,67.67476685231492,6.7740789780551,3.0319657527558306,5.233323502339007,1
4.509223767994259,85.52299937679523,5.850818754083994,3.9918543257571297,2.9377878934114734,1
3.492527671285021,86.25630933646,5.30790616778846,3.9174806946998793,3.973745507271434,0
3.2209711407489534,73.03228181570425,7.464842169070952,5.499490950876695,8.539826135311186,0
3.3683794300691234,85.82026567084726,5.089621677105101,0.0,6.819925081721117,1
4.845796581171792,82.60442263333556,6.378059649142205,4.668654109107007,6.280053236768659,0
5.682303949633288,74.61158143807262,5.507239060151144,3.4200372911267203,5.712825167068752,1
5.553381598660038,69.91445315923792,7.824524779435389,2.3229987672320958,3.6777257756180552,1
6.654366498072047,60.373743083274206,9.702145148899731,2.515026444460801,4.598857638688463,1
5.026003783755814,83.49650047299694,5.047618025795003,3.570924670964073,4.844154528642968,1
7.907068154314634,64.35197228637945,4.220472275653647,0.0,6.0991486321288875,1
4.470686333524088,80.95344199441308,6.8126696719748985,2.5974208584169,8.017837788533807,1
10.440338333179238,77.36551783917751,7.0235466939366376,2.2483703507074133,7.236676273586256,1
6.251334695530012,86.79142775438196,7.327988960135946,5.065566418645249,2.161231288407919,1
3.285684887167435,76.97954500510136,6.330519227148483,2.388946634978959,5.447989937802097,1
2.8582150038777754,76.70552213652908,6.699041051761852,3.56977239965902,6.4735266903357935,0
5.96494483048637,87.31870704288295,7.5512656158109035,7.084553255322604,6.237720660289271,0
4.553074429348298,83.35058029084118,8.560646338967258,5.988703039630847,3.741532473225161,1
6.428000988184184,83.16155957182778,4.067426844522576,5.804542799886905,10.0,0
5.94647524914709,84.69267589808527,6.446590841452807,3.0002551391782966,2.4458308753377622,1
4.854342174686255,64.64427876792894,7.3207131909115954,5.086064558579305,2.8336231066679,1
3.30641256386319,87.56788679986983,5.623035843083896,3.5322043990928123,5.467190162523153,1
1.9703055506282707,86.12468794013603,9.59675444765095,3.607813578646124,9.233606109927706,0
4.106970095865957,69.83316871423503,6.046885179656894,4.819370687493099,3.327610298591658,0
6.712797588646945,77.55919526325799,6.938060969489076,2.8060128231581354,4.468343268706016,1
5.4281874882604075,79.6069271237237,7.834033145263437,6.9860062088864066,7.154587346031386,0
2.508522442576024,78.65503215598267,6.113072816797159,3.679739720804126,4.964275690224533,0
5.346361851702364,83.33859966568535,4.2301404282933746,5.23672113251933,4.330792290939408,0
5.770634759457674,94.31366781831184,6.3570182096252,6.911200958514597,6.13126580377344,1
3.2322851275977342,90.81766727672829,8.544160833890562,6.06330754915035,5.545035980459186,1
5.307450211891056,66.87780806568594,6.494657309822292,1.1821617946189504,7.060877571273583,1
5.116417436892,86.22069990306049,5.730348547811532,4.8897917900197685,7.582937778130727,0
2.714059404338754,93.28933319535409,8.388508314254082,5.701438788921294,5.614006120010723,0
5.715574720696567,83.86808520689203,6.503837655965421,5.783726044321497,5.583465450756618,1
6.121569052736469,90.90980425185967,6.234758779524674,1.7734103317707377,5.428221964572267,1
7.166102486350554,100.0,7.224184134494965,2.685929525965352,5.978261113298576,1
7.1076041040698055,90.23709546106981,8.15612531442818,5.989116471483243,5.110341275742928,1
2.244661264085818,82.49308595641729,10.57257029759882,2.4764792586347086,4.998783035355421,1
3.124349920169754,90.45088474084753,8.240854161486135,3.4006078866713714,7.393254241654485,1
6.0300705344173195,81.44887833096891,8.739759949582517,7.151751619003939,8.032232360710086,0
6.027571901824418,80.23903043284956,6.241050701518217,3.9044014992304206,1.9848941107331584,1
6.030095372612096,76.48585764286267,5.461197841045785,2.546451724332314,5.020042303481138,1
12.705462981309442,95.63413358832108,7.093497024428684,2.24476528627419,3.6226111331095305,1
6.141781021386334,71.81571334057999,7.160754872889394,4.665438659170376,4.378057067027855,1
7.271131280361198,95.32367724678116,5.382230887953105,1.3337039830455821,5.805032419470643,1
6.908003526986405,84.99864123740372,6.737058205143981,3.505328072207164,6.338876743084937,1
6.302782502611596,66.00693825198059,7.598976402578696,4.666461069980043,4.77574711277731,1
4.369461510719309,83.67649292991422,7.54059009252712,6.598299641095335,1.1733193305543943,1
6.517938440986535,58.99973492348376,7.756431780076409,5.335096160739991,3.069908838847641,1
3.4543495709248564,86.25508016831036,7.436447095206164,2.5718697640356423,6.792999340400332,1
4.526362786519982,88.8523148298899,6.2394870110949165,6.35683863512744,0.0,0
4.029272904341793,74.07644044347947,6.229149060026735,3.400969924905045,7.374854303364,1
5.163748278772645,81.23547695955583,5.201572903009186,1.528593955901182,6.042459981289083,1
9.629317133347017,99.54157433750287,9.677162558777642,3.655917281469055,7.632352163060045,1
1.2654696148165039,74.94253295738064,7.0201755469289395,6.876338402291404,4.602861626238079,0
6.372520380749027,69.410924129434,6.662720416307722,4.330480100129851,0.8771891519541901,1
1.7745682576206967,94.81663402462598,5.606811877821312,4.025043728659573,5.860725283012996,0
4.056136268421133,99.62587190530795,11.403486853491668,7.274423289405707,7.549306248076682,1
7.177901193934732,80.03695671847848,5.390007951665657,1.1372903058911459,6.849443611026842,1
5.128560038190925,90.11463035408356,6.35672811159089,1.4288017718944555,3.674617033023929,1
2.8445104441413878,93.41475915530881,7.62375525442909,0.7683070580663358,5.173522150925294,1
3.5693925814800638,72.57515767461616,7.9003194486164166,4.7452963729601105,3.934327462440152,1
6.359195497869352,75.14694164632132,8.436898082823525,4.332986254230249,3.361467071621256,1
3.5392667365657267,92.30874513154735,9.711412761653895,7.085472734559552,6.910777142359702,0
5.43291717916395,96.85014278708509,7.759236483191069,4.486950154273541,2.6049353774696757,1
5.091143679807628,85.62880860174354,5.415953800049999,3.1916856810413945,3.2123671388367745,1
3.6967993047883656,71.20185646497946,6.614582312317328,4.003589745756214,2.791948733055229,1
9.28788817865065,99.87061111699441,7.461748558770827,4.235414836921916,2.0195049534019067,1
6.267838044636022,74.69029102188036,10.102339062258736,0.6564774533436659,5.292828583685207,1
0.9497148266847857,76.64862218828549,4.903291782363555,9.420663288669786,7.323006096963952,0
5.3729086295388555,83.42337834489622,8.803864757837841,5.0397420362038226,4.630246487509469,1
3.676427070463224,95.54160420714774,7.269871554319625,4.420016616045178,1.988504398871667,1
6.704866669592448,88.53975976552223,8.256745802844222,5.230327968557161,6.679889079484055,1
3.4149585231345987,84.1486550036191,6.847007925046102,5.41882196117321,8.371403508069942,0
4.770527117066202,84.63288530118106,5.736351054810511,3.7188930289951365,3.707515351706811,1
6.0099745579609145,80.43514668643466,8.126309169101997,2.7375177275185987,4.042891466564564,1
6.731510388340243,85.58139514518507,7.981646540658431,5.198901372643408,6.031321260166789,1
2.5994071858884475,54.70439922305697,8.458085448609584,4.771421681062905,8.243747495570103,0
4.330997528318103,77.03392540930201,6.980043046932047,2.380219801821184,3.960331708549548,1
4.050109377678088,82.4132193491678,6.100266965020226,6.838071222734528,2.33510043800359,1
3.693341534852576,68.48985916380494,4.661819507464237,4.586704072645967,6.262837212544813,0
8.530908480562193,83.86323317811559,8.229059902209109,5.459638724535261,6.598136146284599,1
5.809963421921911,77.95528779013878,7.635834223665979,6.7838417753598375,5.012262900870454,1
2.4782320913299096,97.5547569831549,5.551326050704061,4.04377764232967,3.8837334806850987,0
6.835723894109552,95.73019725214857,6.192139490055064,4.63390401396823,6.988757461984092,1
9.244312394025266,75.34194430881837,6.299861782072839,5.620054477012233,6.056072009095929,1
7.064930521102294,78.49162288433304,4.775523352026372,2.5502778323998956,3.4631289661930142,1
1.9612600680919732,79.26052434391607,5.7734764050923,4.108103325692002,5.098189462611343,0
4.031531854267497,75.48340523840378,5.299254464790469,4.251097173302297,2.296584935950707,1
7.533822298373245,81.95024984028127,6.381281482168095,2.087882896633211,6.37178091287584,1
3.5846610687624385,72.4171793111241,5.891953752505656,8.635273577347757,4.475532861234289,0
5.887638856292456,68.69384665062474,4.559492618699877,1.185413113015195,4.128578335230526,1
6.5492681068586736,86.22711223900268,10.033885345854223,1.4037921926256844,4.934251029695131,1
3.1461390568438343,86.29529584221811,8.878811096543846,6.628453151407158,5.080615398660496,1
4.8809492878764,71.95684240340007,5.8314708677200215,5.426532501593085,6.789860123131121,1
0.0,88.95355430762599,7.4086320949804145,1.9480703650384443,6.182181062650443,0
2.9512247173314203,73.68422270834668,7.626197634731943,5.214578030203386,4.687181442414395,0
4.494863697213679,82.53165238037981,8.786628782160214,6.935700889994619,6.527336299437991,0
2.504433636070301,88.20344012612456,5.7720924600098815,3.9394738848060284,5.801474507383226,0
8.26482260786327,79.66387435296286,8.638160175973638,9.197645800149164,4.146800727427926,1
2.1397172440787346,84.54740912141135,6.178142043689597,0.5518763782639291,4.750563683527028,1
4.119911026606032,74.83570356112428,4.99620639374708,5.387646907718205,4.703554222313758,0
5.2614811545721825,78.03533416571902,8.086204838971746,6.333056672442007,6.010522686348404,1
7.8825465781322315,77.9414056911966,8.936137636183641,5.782687803210493,4.265954770556716,1
2.1282756976411212,72.53421653459762,10.881863460296028,3.5912885467087032,4.2191816271567335,1
7.326327504309919,78.23225836884218,5.20041210236468,3.4191170359777012,8.937514618867917,1
5.020466122039174,64.51381701136253,8.048379527621183,4.888290342174515,6.879470963494208,1
3.036982697904098,75.08846252857896,6.3852981343097,5.631508973304139,3.478798671149722,0
5.924206948526542,77.15124506630329,8.175038065786048,5.204946872564727,6.141881987884396,1
5.39811939114694,77.4382024750462,4.794265673153124,6.080115781586779,5.2367001313103545,0
3.799566245682411,77.58502554129221,5.105845336452154,1.9622600858665296,5.7831023505201875,1
5.139604169980037,79.38235800139871,5.8361877652502745,3.5444580417527307,5.2746826491302095,0
4.22937280627648,84.79441518086064,7.118446068502127,2.119968135752492,7.379285290970472,1
5.227034690502496,88.74517074132523,6.038378100192467,3.227774447827717,5.691240689302892,1
6.324261349042093,73.50234773151733,7.98858151587013,6.030441783628611,4.875822603571425,1
8.172033632290704,67.96799144610856,8.540341927386871,4.215967841450458,7.084381153966035,1
2.524369002346302,69.57955587756896,7.899366311868034,9.213718326299539,5.466570082175744,0
9.266066749312532,75.12797078805073,9.428181459491302,4.386812734379434,5.242957158658116,1
1.0958244009549962,76.48078682183491,7.623739944183015,4.119383761159472,5.628045204972229,0
4.6964298099288335,72.30003933802543,5.17465493448975,4.212365838880433,4.812781953267267,1
6.176634412969153,67.03883335750106,9.04506477030751,2.7243826142801284,5.018453985990938,1
5.561983735470065,75.43879172525811,6.092265646591004,3.8843267752448125,3.8266108224762547,1
3.7546009603588124,81.81426620113972,8.365627749528354,6.255576054223292,3.4976655607522424,1
4.5837554992854495,85.95029465835565,9.36060132483266,4.227941336255545,3.002859227035121,1
4.013998130682334,74.42576946891678,7.685032016095599,2.4130805402330573,2.216033426405848,1
3.821270486111577,75.87002177856566,4.755761780253025,2.1498307590427297,3.2405652772308873,1
6.699204194042049,70.73301691152689,5.622681750235312,3.099596216668313,4.651465931066149,1
5.714030971930095,79.68560829625224,8.984116700327704,4.147726868821761,5.206235164891274,1
3.6141808094786914,71.51571365809185,6.7463159715357754,6.3871730709525245,4.457406873704719,0
6.799199750866501,85.731278132412,7.119360302413249,1.3190227172671265,0.2885930197452842,1
5.614599041753219,62.14133508065889,8.138236624245414,3.3603474442224877,8.149172715524685,1
6.62572423767792,76.40370327547538,8.044484293120485,4.288620038870158,7.1729602457807635,1
6.259257683847224,83.01107339191742,7.418199718578191,0.3325884647411308,5.891519702434257,1
3.3420099781558554,81.83834516322504,6.686997443169301,2.3328034340671873,8.814981345106537,1
3.879637919606061,100.0,6.530997331401464,2.640222920527627,3.0452717650325787,1
6.494587210246523,83.49800024567908,8.286848237937015,2.4080592522990036,8.77525024125201,1
6.22074053086693,69.9594540315799,7.83035429660169,4.383779090043295,3.069571846498904,1
4.958196812071704,79.04535752910927,6.614049999073315,3.6788807809964053,5.477475850582713,1
5.234654766617564,62.23753666533548,8.62316846948971,2.8894277947979274,2.4523253497315913,1
7.55532979157685,79.1940025070324,6.806448827305324,4.85592525310527,5.029388191088733,1
3.8168572223283403,71.66943942999241,5.72250673849841,7.446149435292499,5.772332995996777,0
6.094194762340075,89.15390275560162,5.8615439516449825,7.278513033483504,4.69061933773089,0
4.595614695132212,74.50459725404465,5.531888745535351,0.15445645587532741,6.427754888180275,1
4.56463759354556,78.83234084204753,6.591384975094469,5.154144367670279,5.198028898974514,1
7.19755370397438,73.64442158595597,8.850586417504289,3.6439534198723234,3.9551705432449813,1
6.6508326979760595,97.38851351853332,5.792357228454237,4.3103106857307125,3.8663733643953213,1
6.627019272001277,76.78757233882088,7.282713641527154,3.203433932914903,6.621827545231393,1
7.610957614308658,98.32557043479201,6.0149659815588805,4.235177259774405,3.6925159403860652,1
5.042007683265518,88.14151762118266,6.609536438092844,4.302814792144037,6.830805940969874,1
6.363905942589928,84.82066727335386,4.7349381820221215,2.8420964853021538,7.445423585663862,1
4.379466486813088,83.68733147317519,6.669192656265194,2.207264904349638,1.66257227530774,1
5.648332704976884,83.93797298216252,6.709441930292557,3.1026086347610313,7.265852774602069,1
4.739713891264631,60.7232742065439,7.810431916053543,4.468518528913531,9.120845396889397,1
5.193991929985437,77.21116605849244,7.334921369883056,5.197992683368528,5.504007522403857,1
6.190314050873827,88.45157971184321,5.202411812571932,5.706697954680293,6.198168370589645,0
3.3635586335330547,79.51102816525895,8.626297366065314,3.0116199538661745,7.074010648738318,1
9.184774551370921,65.94810153196426,7.315454560332993,4.567689134605473,4.449035369641956,1
2.987965237000596,79.4759554942253,7.29759027576623,5.925005183906597,5.364560447075739,0
2.5716227744245357,97.04105516255491,6.986226469922292,6.331189790288256,2.3716009407537815,0
7.316221747000135,92.4689171553472,6.22336382916667,3.8823342917369557,5.277270057060902,1
6.583325387925871,79.37995990633968,7.326703509623089,3.558136550120775,5.996223991289083,1
6.24823963410431,89.51449277058086,7.713382653892873,4.382248467672785,6.032326045852939,1
6.25669101852856,76.33492979631949,4.379656462981668,1.7005850542051886,7.1308494471951605,1
4.975506454306171,62.96128413173281,6.191858743980856,3.612780977928984,3.4503956437289416,1
3.2054912570283367,70.75534011870445,6.617579544394616,5.48917279694626,3.934786486653007,0
5.151609116387453,95.62888768508198,7.384255908541418,5.283894258887402,8.79101469198271,0
3.6456765769757764,77.26006918170695,8.78996650889069,3.459464791272222,4.6993432524725804,1
6.9502394668355025,77.56616020624982,5.8423887781048265,4.435436402174333,5.400067574624656,1
4.705885236995723,77.00161803725119,6.253057229773237,2.350699319418625,4.865979916549558,1
3.349005606414977,99.04136589573007,6.231198834030175,5.40698429645005,3.3566383473899553,0
4.357228316694013,96.25958915362062,5.797708614843188,3.844357127727054,8.247058421783613,0
5.825862908551248,100.0,6.4792202573316064,3.448097096607724,3.944597176158789,1
3.8725508943920506,78.40954789599948,8.156203329981956,3.276552327813227,2.74542895258614,1
3.3555592088671373,82.95624488747094,5.4192467569534815,3.8742122662002836,4.098519445394497,0
5.487374422983825,64.83357450579209,7.641721592729355,3.1042447101360833,0.996587996548933,1
5.4899331422174455,94.76934426118274,4.447146654972497,5.316286072005127,3.6974250700336366,1
3.9861136492577405,68.32220448732065,6.157993005336691,3.2094329039676386,3.0637428042953467,1
4.057923388763355,82.16775563762629,6.505766049673021,7.185928192054762,6.234857261854649,0
5.464099874715273,69.02697472367156,9.512289509371097,6.930421006962762,3.653171520880255,1
2.1038313170053518,74.11133173261304,6.587796542870968,2.2169130202909906,6.775607871157697,1
2.1850724512468895,71.627375689503,3.6981347898236225,4.139408538858561,7.796967986138643,0
3.563111557495128,73.92124739324183,4.001666639708125,2.69868675732761,6.5623506725751986,0
4.573105696576306,74.60877296851021,7.051044379520022,3.346704873622777,4.569223422279847,1
5.621815131196009,74.51731205074923,7.920656283684863,8.004854935289593,5.282228993411186,1
7.950712433899104,88.33333911780306,7.563183786440879,3.3848571657684015,1.9500301197118808,1
6.7153192464040385,68.9513720693748,7.251355158701485,4.720452074154857,4.7324412549575205,1
4.680122940073145,82.20541427013868,8.7433893962585,5.082642588016556,3.279123063866334,1
4.961967584194622,92.17959152305559,6.190613168894303,1.9987412550335186,6.388652762298598,1
2.9949412707243823,74.86803635486604,8.342365834040237,2.2898090511815905,10.0,0
4.96297372801522,72.82081109252398,4.551977672460374,1.5879552571837623,5.999643271947619,1
4.422682722159723,77.69475374819748,5.6425782505929005,2.228058532204446,1.017719702090667,1
5.645437120676179,91.7972520836071,4.2894379076022755,0.0,4.277539614171254,1
3.345538112895354,81.94107630953357,6.587732048995312,5.089164801587256,5.24498185074891,0
6.038693028482345,74.68785705392402,6.930608174100486,8.10838768251214,5.174714850520528,1
8.065477826005155,84.8387665118804,7.17115223833978,4.295641478073054,3.5383737487824938,1
4.782479703086285,68.97707850163576,7.092825029330703,1.1674622813187852,5.490583485273871,1
5.8034234441978825,86.81359510442948,5.608670003782408,2.714447234200104,2.5149983261612254,1
6.380287983422225,84.08607307701767,6.714638733380177,3.082246309950006,3.110182554629866,1
4.197559056228328,76.92191528861116,4.753829997091377,1.9648304455732486,6.291595283207423,1
5.448184963620833,71.61414201552769,9.044843462698376,5.7203652767903135,2.968673538240348,1
5.02518480156359,71.13319077716542,6.544560890652998,5.620520088750668,6.076423210984514,0
5.195352197097663,85.3481733634591,6.266670821434463,1.6890964123646808,2.261072450687884,1
3.4539804322890673,92.28980502489063,9.383410492666124,5.450162088895016,8.529651767583472,0
5.049020348517885,73.62692252971205,5.136630199676157,7.05362532715453,3.4514601551918904,0
5.9959965824909,84.58386703551484,5.311619328952046,7.805116410459119,4.552666856393111,0
7.902287215590084,59.12972981397931,5.355669512697152,9.730424046171926,5.661226522180812,0
6.918541652170414,74.153822693428,6.898192927450777,2.1960147011136053,3.8693000949978114,1
9.306364915023114,79.68941067129099,7.647447444456396,9.648440852790406,5.286811922142609,1
3.465304874223901,70.90316583018166,8.10951320217675,3.2915872229824235,6.150713449040252,0
6.744641273441356,70.63493625210404,10.857992976242453,2.815069089238971,6.921226465006971,1
5.366684011476703,73.32220443531114,3.6258513186988544,4.654144749755691,6.582994871945914,0
9.379605866435345,82.92192728326373,7.913103383686625,2.8358773318139754,4.656379072394652,1
3.383403429289697,78.12670981593625,6.1643041411416535,4.798088281293052,4.706736451912795,0
3.3205563156384477,57.61768766675028,6.12037727666684,1.3598456245253967,9.698217116050065,0
3.8012147091119557,58.792998473649334,6.070341807619183,3.5224947958731314,6.899778136498584,0
0.7522085513803862,73.93134822142825,5.63684549378804,6.571164468723358,3.156352687359573,0
3.948489956638478,84.57686586053552,9.526787251905178,3.885877417137688,5.199976327531104,1
3.481734676892604,52.52495157274765,8.263445990520854,4.283191573479765,4.329713722443615,0
5.300787572952415,75.00269823848369,7.0347939678360625,4.950517209434623,4.729331532153781,1
5.683511951554319,74.7375214348258,9.026523628730502,6.34132325863532,2.541009684583824,1
8.752341678431772,93.88337778208448,4.731206552051686,0.689550575621134,4.176153531228094,1
6.9008476763721,76.14978188287137,5.003942303003611,5.16904810367487,8.623111546387825,1
3.8461926886751936,83.82988984740929,3.7330484017079684,3.4637217215164737,6.158152601751006,0
3.203170657303284,81.41257140087463,5.950878189815069,4.333275790623677,0.017677183697079712,1
5.983838343013011,58.694335201928,7.242547790057129,6.119900339524753,7.433446984995894,0
2.3595335859587157,87.68207216631737,7.1542878668985015,1.6116266971763116,7.1792590458183225,0
8.662917531708707,82.15396505456287,7.2240128665898204,1.974711117113821,4.281429391387167,1
7.358880241442574,85.0826863967459,4.883414753400878,0.12914008057238746,6.43452708756643,1
4.06164869579059,100.0,8.204732113921033,2.901682116472447,3.2812015783655983,1
1.573730941818245,59.158870605014116,7.3594412773584965,6.660864688757632,4.059488567467286,0
7.707744748330826,97.24696649761108,8.099581422198998,3.758825623053061,7.997092721339707,1
4.770920309494764,77.12552480599645,4.1608567336149225,1.3197502086904285,4.4565399202605835,1
7.4756326239469235,82.87328904403009,7.467236288196685,3.028642510849906,1.2605366760900178,1
1.8111446824112658,79.54487754698758,5.218352140123709,1.024276593018754,4.873393554437326,0
3.8012499540924543,75.75763666601956,6.404015121172957,1.7496277965376765,4.842823214171286,1
5.010487399436366,74.30167071761241,7.801547347954575,4.777637820527427,7.39673713874692,1
5.093961187529484,83.29508735573009,7.13664040938387,1.6522533473879424,5.02867284435152,1
4.099869057041513,64.8282630332832,5.722690030331021,6.225268610406603,4.156835377119415,0
6.2456998646949975,87.50579167521765,7.009409734276628,3.8577594183393282,7.090112290462412,1
2.8647591412348112,75.83805595114745,4.702697027134535,4.171189407889051,5.241580465002221,0
4.715241029957413,68.69930660959642,8.725401093847445,3.443254064784212,3.4999546368685657,1
5.240591263423798,75.49987142004187,6.692073970755623,5.545695677087446,7.309995121083235,1
6.028877668117498,92.57149216862572,8.677824916382988,5.566319775554021,5.387323529033599,1
6.423229756177779,74.64664912983777,6.210202469355935,4.670108703824343,5.005851933358875,1
2.7507158163242615,83.5845361820962,6.214636017390125,5.129578211815296,5.355816782823309,0
1.9317716585287554,72.69043724284526,5.8537198200432305,3.575820660159149,2.858663257166806,1
7.555353643797018,87.57921849923619,8.314260897539613,5.084406013818097,3.9446924476433254,1
5.6646280239591835,86.85507738790204,5.935853264007286,3.3242444490523866,5.007165203665567,1
3.5030269268868928,98.48608833296412,7.9668931486227645,4.004463244324804,4.61067260995064,1
8.102303951045046,78.24436054500785,6.426321403496065,3.450712501267405,7.544856765633191,1
5.231349268585717,86.68654804757907,4.03605505016257,3.0855629213616083,5.434811705454007,1
7.358594368127653,80.98067539538944,6.144528898320301,2.6217764045564196,6.709807845272805,1
5.135036962820218,92.95871781863015,5.231337678455728,4.935380207717771,5.018790709151699,0
9.121495849763974,72.81167612391269,7.050854085523507,6.621211825626927,7.112576967492246,1
8.510681684886409,87.45005312877281,5.214388396488265,6.342203943339118,5.795055513146308,1
4.502071703041853,78.05302703883318,8.388962651071925,1.4868693281091292,5.02684097077692,1
6.943141901908711,79.35811822891502,6.863386209470459,6.578406102813746,4.973433822081961,0
6.290751899170295,80.91752484448372,6.733606007861892,3.363682996764142,3.0911227474180736,1
7.737263115064698,82.52240396426677,7.983838206681374,5.201466030291183,6.013831440272622,1
3.070153078839791,78.83770956878041,8.445860401113794,2.187569335905578,4.919590530927242,1
6.372102919996879,82.14713183170527,6.969851872345522,4.283959827748011,3.9960160796375908,1
7.116848973699176,95.78118057562185,5.843199550676064,4.627446365793814,7.212923541624143,1
1.4825210271537714,89.85449685615218,4.339045575831806,1.0307904161606944,2.4995679482103976,0
2.63348297466845,88.69154592496896,5.97092536444723,5.216534332688378,4.155008209135132,0
0.9215356444797989,75.44460473976129,6.0741816300280576,6.69187001567663,7.055437497559067,0
4.461186331110884,71.10759171771676,7.160586179488445,3.650704108636744,5.631045881840507,1
6.435084511591924,89.55300558237752,6.48227967829296,6.720336261656026,4.904282144694485,1
8.004714104192056,88.76046792529795,8.031899458077142,3.620613013095185,5.502007086300293,1
5.14818956083955,94.72670675750982,6.080525093093966,5.699169062093235,5.3588283420976826,0
8.257231091142584,73.9601937403077,6.914438249720587,0.0,1.9666749074281573,1
2.2397970835702172,77.70451344639653,8.775981164795335,8.837555558626928,4.301476229304077,0
1.5932351212896907,63.605158374745656,7.51273782093245,6.990916490485914,8.233043309027497,0
4.888904602206763,76.07528893939127,6.909943687467154,3.430748991492642,3.681351730445665,1
5.768130897878614,89.96570510579447,6.097083337097234,0.05582194671236396,4.363397971791332,1
4.934610503811814,75.33504620771802,6.050152904927534,4.576056736610978,3.916758473381625,1
0.8651157999202468,86.40479795200824,5.724080120572078,1.1121489058524863,4.825969553363725,0
4.821759920974423,78.09496894002189,6.188489701325651,4.889707075114976,3.8337543373514036,1
2.3910609989902936,83.2405702822156,8.133498758116472,4.823131438328564,5.97348300431612,0
6.339345097660077,68.52308610184332,6.667167593061597,2.1171936619959504,5.394626824580533,1
5.733196492193697,80.852094496339,4.9753403959281535,6.241934047228755,6.547095230214036,0
3.1202404273452897,50.08864029099277,9.652253939589675,5.6111494056123465,2.898117667622079,0
3.972266165326613,78.13103841838016,7.479947786717744,5.951646674577127,4.319319034234193,1
2.881572956222097,63.6952675628486,4.889584899230246,4.017715407337791,4.5485547367757295,0
4.874641805453656,92.05994516546816,6.337226609138765,1.1689518661725868,5.91129382017719,1
6.910284641002477,87.77407352764511,7.166329574242627,5.955744544422275,3.413557605585931,1
3.0285479073289125,84.66670981966081,9.556888139946066,3.4592572017284176,6.831307608516688,1
6.008093031035688,95.2100622715938,5.337831312611696,1.2204397136146619,7.372831181035218,1
3.9394847632551184,70.51083479175162,8.46406107903392,6.704078731948652,3.0222553047288323,1
3.4142543354753117,97.47363197915558,9.099229640458514,8.19881504100502,4.018254210212868,0
4.785939280090885,89.32191564260384,6.057018542388144,3.917503742041594,3.9361369834158153,1
2.929515355161252,77.63444712781055,6.58372957170965,8.318242309206584,10.0,0
3.892701389305636,91.35620147182944,5.445536128939345,4.182629457222699,4.140199789584226,1
2.604244214822303,68.93706487588366,6.694808288379543,3.239088191667298,8.35525088431227,0
8.929450265832779,71.75485838472326,6.9451150384856035,2.7390830916290447,2.4667360097867808,1
5.070527103943458,73.914102767603,7.989474997123556,7.274164815985484,3.0206980676712734,1
3.6005489840148286,74.71022291935985,8.63527520653067,2.439712237224456,3.6267909363035984,1
5.427959821468444,69.43442357239748,5.8778559030675295,5.470538619949975,3.308621377106955,1
4.77534390061834,92.23083067095325,4.049012403661008,2.8816723298815834,4.464202531683003,0
4.558060800933554,77.41145599630168,6.9681328310856365,3.079386474851274,3.5824435945570037,1
6.22833340008685,83.5250496835688,7.440306294952961,6.060499387939133,3.361316814530853,1
6.51501542009461,74.2964863358632,7.374126531527563,3.2399263074212925,7.316943992946655,1
3.938997704778945,61.79396699451483,6.509990128736434,3.1904092411594136,7.44758724502633,0
3.8483635187106398,82.70057358391422,7.187128149495901,6.265609394349614,6.898592996750631,0
4.449896605696712,60.87745024580223,9.27316721252837,7.194794586443246,6.047997911168656,0
0.39615767052883033,79.31365953914532,7.572601253443764,5.289379606568467,5.185486131559105,0
1.9696178756028955,66.3168496116719,6.439947362495373,2.6904604487521016,4.005938618668183,0
7.733748534889049,99.87275999230808,6.249703274356007,2.978783001404841,3.093684990489816,1
8.289935427002568,89.11362722174722,6.745221463483404,4.159830527480075,5.725991406865375,1
4.501927920887243,81.0575379127148,9.45510994274596,4.641860123851315,2.652739214906404,1
6.153113926111533,92.63706677654669,6.725048935710704,2.0242681797204565,3.0121581416492136,1
5.622500309087072,71.53684022534264,6.970308483218938,5.446075879159728,7.305826512409619,0
11.157761616910475,85.43479378670094,6.276529643595546,4.171026659279198,8.801298083444173,1
7.2391498228691535,81.99810433718713,8.648475036162948,0.5685833627237411,5.786590276332961,1
4.744164817038467,82.6402008133367,9.939755882117012,2.142147035078539,7.2129143045892885,1
3.0889191187991485,92.72353500106767,7.675919574147082,2.9917426526966726,4.508303365112034,1
1.787107359484855,87.32492102779803,7.124159355678138,3.85428462231789,2.3246516278246316,0
5.406927271734446,82.88723662825024,7.055174249761352,7.778557591007992,6.224343237237168,0
3.487298509431393,63.45112563771704,3.4235398168213815,4.4763426122792564,6.138578646540128,0
2.1554925808046517,70.39953704720537,8.117726296427225,2.3184562202027497,5.143337107760488,0
3.7068542315149466,78.77291066404275,7.201249623993765,4.441261608614327,4.515249083789778,0
2.83690399277121,80.93372374276652,7.642513075991087,3.295824505092238,6.924421157162196,0
8.37428327014513,68.69796275326075,5.932806708874443,4.649516479067083,3.0285339331450514,1
6.763279513898901,100.0,6.423314681534363,5.16113537407123,3.4524388422186845,1
4.9840547173667655,95.16394055253573,6.38346259524524,6.4184612944478765,2.983786986479144,1
7.959888277780052,86.02118320392483,8.532434476109557,3.951427008659948,5.169945925271654,1
5.154736615295237,80.72036861283745,6.43186024509536,7.277921055199666,2.8242139757814835,1
3.2774315973434724,77.87791030098849,10.123990483164697,5.816045325072382,3.631515638969513,0
8.046248154539315,70.48081539977764,7.646293628522556,2.5851209103756245,3.588488875545604,1
6.077820087369317,80.77480518518863,5.086476010006402,8.419711331496927,4.478783335332084,0
2.925507691347087,82.57752540142751,6.807180560122065,4.653989026540195,2.0252511071920463,1
4.619322643832784,67.58239424518376,6.0224873167653765,2.32975099205553,5.174409984074534,1
3.2487634932304856,83.34176417244898,3.7084262952699634,7.305826102460843,7.4946073013293555,0
2.234400538071328,78.44740951175251,9.399206410170684,8.15555517039689,5.270982744633524,0
6.852355095063283,60.921924421226095,8.054713813330006,3.933949472560879,8.082642289602642,1
8.818833280940261,71.39614989220499,7.799810976848969,2.9926994792488073,7.66799637175385,1
2.2028648523617176,75.86394466578356,7.248105490449556,3.655250085092676,6.555470094495709,0
6.125938473381142,98.8768765734019,4.926973646961343,5.4294634550354,5.149371685273771,1
3.698714861756346,85.56553124533758,6.274574290666845,6.555713310061028,5.0450007764908795,0
4.0257492324706075,66.64518430900108,8.26267116217602,5.140974661727147,6.52759954472652,0
3.8152121515222617,84.86036289417638,5.423169955326246,4.20344641694354,4.216658780991935,0
3.2720184606403677,64.52696011061634,3.2023460256237795,6.996023540608855,1.2349584970650724,0
5.097043255889654,90.82691053887073,6.659340988328611,3.3743270538969554,5.98400810820592,1
3.3380997671779244,75.28875348182122,6.787363668958692,6.061838676733814,2.7378627401300575,0
5.540913651559678,79.06363811260829,7.2033451246220634,3.4238744032974426,3.0757175436192306,1
4.899523781101726,93.2579664754219,8.092777965271804,4.862045916021787,5.000447895991576,1
4.522103906267181,67.1283643141575,7.956408718346813,3.772874870419097,4.809750244893061,1
3.1848726759168042,66.02881814887009,7.3881547078658825,3.8882956346943782,2.1758487873687393,1
3.8464573388633347,74.16400673653995,8.793297082130064,3.24522696507558,5.330983128266281,1
6.510782451651512,90.38378851019317,4.721545328780028,6.6897080623613885,6.932279321722097,0
6.0018343752487615,64.80653924523158,7.7568727217160856,2.53414792378293,2.7433168594684343,1
3.044889510402898,51.67844401889431,7.939807545005413,2.519535494902583,7.544966661697519,1
5.198664610858452,75.48841141591001,5.14065657087964,8.24198713169022,1.879658349740112,0
6.502774246743578,85.51740799910921,4.745694086976416,5.955695129308663,9.234648288741907,0
1.6611894377572565,92.00261749738829,5.8810868102865985,0.0,4.177479139033033,1
6.08672038475987,75.36838637914602,6.0076878362270625,2.869482521579193,5.291233993653782,1
3.674752482108307,75.88573392883998,8.130129195253646,0.3760213248758917,1.2159328550286599,1
6.141197337186319,91.53900734255747,6.0781918244633575,2.0986186131694895,4.875727867061383,1
3.4734816869149663,61.3025830030458,5.715477222578194,0.0,5.456964355436384,1
1.390235798670962,76.1147922481699,6.0825493949581615,3.7260208446121155,4.827675791801011,0
1.7449151242336747,81.90423889925057,8.677948501231317,1.716116361677377,3.8738378458952525,1
5.096169893322764,84.49218721285034,7.019565061565428,4.119810513592877,3.1068709629443703,1
5.519445003442963,74.90193306809117,6.731123461964632,0.7497574822349504,7.261053239074622,1
3.191366749791183,80.34441011705842,6.834991751948423,4.16582370634408,5.0616142699959,0
6.277184917554748,55.1167264658701,8.938090501489784,3.1701674437593454,8.081504753033546,1
1.6769598754620803,73.41751587666151,5.876242410095138,7.003905930377192,3.947035290410154,0
4.867840402705367,84.53508712554468,8.973262436410156,6.822713723491249,4.130410613255566,1
2.5779676004750867,70.1770596574532,7.315744448382255,5.570691206020566,6.631188489192326,0
3.696327784395682,80.58984221589597,6.759370927036978,3.346772438677575,1.7540500759928719,1
5.094797342632828,84.46872500802698,10.751350746901423,7.970760790520586,2.573073279694154,1
3.2791732694320954,76.57450799142235,5.416540765302106,0.8939294443203587,7.194969942706328,1
4.230888911540349,81.70463770996571,6.469471360649491,1.1928827408726748,2.6561321415536105,1
7.012585618428881,70.37267434715388,5.151353141254,3.8324338002218705,1.3618979693949047,1
3.8462162609537023,77.93388720303953,8.428692955804255,8.508076217842238,8.737054376146181,0
6.671384224130284,86.10216169589222,9.533783400477517,3.595322186259825,2.212364704251589,1
2.740586290684764,81.56972960968434,9.504884172106959,3.633509513581436,5.368238796656339,1
6.059608355830566,74.13468730436064,8.835923129719006,1.1161792877763816,5.138170385448542,1
7.883137241315801,82.24216404290793,6.703569298306052,5.891859170540757,0.0,1
0.056710999745421375,87.14609790636618,6.45213853376523,5.906352508658708,4.465365953664382,0
3.406209489059046,59.50058721422522,4.493245341258902,5.57815040279982,5.8968264989582195,0
6.15414425436108,91.59074064955898,10.053810302772689,2.7415586543052752,5.708618763037721,1
4.593909227914015,76.63745261318928,7.703467117222702,2.5865864632539886,6.807041367607003,1
5.742291746742618,84.2548993324023,6.262064642695775,1.4137554991900592,4.225017370189132,1
3.792029626568359,91.97246923645228,8.992085333480452,4.167745003521867,6.425008884184321,1
5.1731795749458,66.28326302769534,5.540853224859998,1.8391853414429966,3.6213418638398562,1
4.688645529215841,72.90558997572454,7.609933051334011,1.6451669895014227,2.17906516717445,1
7.335564123319615,77.11451304124296,6.741056298563748,3.1526185661786483,2.404543248637535,1
5.508841686602426,72.16246478875571,7.958015709820451,3.0216876496315677,2.0757790896091706,1
5.675205324150404,97.34936575836808,6.904639691220818,2.92404294235609,7.019171935782388,1
4.1762460677550655,71.43227906173207,4.823608163333164,4.932889193680523,1.9708529818828868,0
4.024787551855013,74.44453220513134,7.113364559005057,4.158095604300558,5.548077681298606,0
4.134883624360758,82.04389031602977,8.573296212813043,3.4236879389777646,4.468151611855134,1
5.788904284756594,67.97850473923911,6.9561753912190225,4.366025856622964,4.794702853098737,1
4.158031038359474,76.04319288243737,8.16267268238363,2.0169459177907356,7.7272145903994,1
5.579549713792826,83.17453261250175,5.43170577148892,4.210557247819356,4.123145265569454,1
9.150801597290878,76.67139595617489,6.960608810095222,4.301204985689267,6.223203123099367,1
6.742249406863385,79.06613141100051,6.063234317367134,0.9939062812850388,5.0751267027622236,1
4.347952935664318,74.70667887551629,8.120471260157064,5.991387508740724,4.695962188734605,1
7.40242784432789,64.85529690819233,7.047237343392994,2.2371325895460092,9.599938248772947,1
4.183849253956897,83.21593211339238,8.035110514504918,4.18061959841287,2.1173165085692607,1
0.9237509296442923,97.54933071647241,8.631565639236799,6.328823481070541,7.57826367087489,0
2.983827378165192,80.18401630783438,8.037427862682083,5.851353515427739,6.3128131309799445,0
1.2584161579482886,82.25264117247549,7.409677651440466,4.068666777137671,4.040950010736432,0
4.296973031917383,86.9272275511686,5.502681612232892,3.275001994235863,8.258637034883224,0
5.036836758379104,67.306695034533,6.995820833999648,5.895023817151134,1.3037797752229268,1
8.352874624550566,97.02514658129606,6.2003643969762505,5.34938995561724,3.956466685401857,1
5.653854747528325,82.02328796422802,6.48390406494366,2.76326995991174,2.5830355914618477,1
4.561798942382271,96.3185689908911,6.438198773874624,2.410212705996619,5.82416692974292,1
6.658811162366979,72.66967004476011,5.530111637826633,0.0,2.773871797625645,1
0.5777293819842297,98.18061922557825,4.063992116299016,4.308063683367175,5.866127893482638,0
5.471229116217132,87.75155494034783,5.99778542750835,3.8346045099632025,4.627127168356892,1
6.541730387773933,85.53040085852358,7.290069177886239,6.272382749285084,4.041292114687831,1
2.042827508440317,82.34024454353148,4.977734431858765,4.718110186960733,5.777294492066621,0
7.287508086413858,77.5147138192555,7.023523354707437,6.668458388345381,4.462756752123871,1
5.676992814988829,92.00531658473872,9.850402636466447,2.6052715441676586,2.8227303138819226,1
4.169424172198397,81.40359869848047,8.534584832878359,6.276300661935236,10.0,0
6.26556373221257,60.32930296412847,9.465312263680794,2.9421672417906897,4.025665633941711,1
9.541385715608792,68.82813538292997,7.58669181539909,5.555192123584544,0.5647818396959705,1
5.36373251011699,78.14154247807252,8.751264734479669,1.082483214938613,3.315802620557223,1
5.496441172600672,83.09998983165555,5.914052904298319,4.470270598732377,2.4654466232545396,1
4.081278200919511,79.43411511100105,6.033489599467024,0.030624117108180027,6.652291232081032,1
3.3003112610704166,92.18970789793663,2.8912896907937906,3.4657250281164904,5.643305319183172,0
6.660671633088491,60.48898135961375,8.779218211063448,4.8807079877558275,5.797425603580688,1
3.2878323481822656,81.4358793650516,9.310485969729829,2.9580628975378085,4.259955068325511,1
5.143132474438785,61.82020774612845,6.170234131979095,1.8991247424880653,4.441299505886157,1
4.044685106469767,87.59712295484168,6.619072440404147,5.692236938591868,4.258137792784663,0
5.957959651492784,79.05541285557997,5.8692068294635575,3.7930744203061533,4.83761363172906,1
5.667324210573897,84.19609972024118,7.573980327216237,3.020858705938657,6.67066687072967,1
7.075079888515798,71.36117039410234,8.687398817954861,4.083791842308553,5.672150825010693,1
3.979967202290506,92.7946493165775,4.3858420391784385,9.273338283891178,6.000225659241734,0
4.460250129413257,90.41724664058852,7.614157795963378,6.307005699563088,5.999117816498406,1
3.042472568435385,85.83544303011888,6.584992342421282,6.3251473363756805,6.768884874763476,0
4.111413479847776,78.7048275313656,7.170091587950034,4.871092637984728,5.576300083080509,0
5.754600986089704,85.79857285295132,7.688491002511436,4.332970545154295,5.717696145357838,1
6.513977233290704,72.93107432012651,6.717696341840768,0.0,7.377612482386313,1
3.1556693516447494,88.55555659020712,6.8446197198913294,2.642039307073736,3.669908163993776,0
6.73921184021132,96.4948089432392,6.6791872486680415,3.038851173595051,3.288514840096986,1
7.711275717609902,90.70610559979187,8.455474302682422,0.2502158719049339,2.628156801626288,1
5.826869806447402,72.70397530192591,7.628139940191245,1.6851684195691328,5.365829127240512,1
8.753591625116131,83.61417317273103,7.330875306606041,0.03832705815473192,1.2925355175617534,1
3.452421601792854,67.06858456241352,5.0935724183615765,3.923352328605255,5.924308192119355,0
2.510690593377166,85.72390311175675,6.432130385180269,5.637531941697632,4.781613810998895,0
1.4425595021914428,84.50603412862539,8.348003740508762,6.213549037248658,7.269279399642114,0
7.9920886229783665,61.30183660467836,7.056544859685884,4.829568924158482,3.6561653790700186,1
6.308731312708115,68.38216156087637,7.989297204383708,2.0732073176028623,4.593363429164986,1
4.8888306581790895,77.16861103256232,9.64976770049145,0.13586968296008095,7.2444066665867375,1
5.5599372526396404,76.99140252859173,8.557909103813225,0.48626260119699616,7.766271293556304,1
2.749021905403247,67.90523064581194,7.139737506549613,1.462034845491003,3.63969526849636,1
9.891503959233653,83.88978729352183,6.23351624470641,2.2222806039286507,5.36356246517432,1
5.258442363950455,82.51473608940512,3.1696756059161526,3.6805030040168267,5.5888379553680965,0
5.218789589209786,78.0573086802148,6.747422616290721,1.9716715637460633,5.7473068112422965,1
6.451533247797384,72.44208499841638,6.510981256274726,4.677951787336523,4.474848681368756,1
5.962018463473426,90.48707126416564,7.585549291593064,3.535452994401054,7.56276679624727,1
5.447768048558263,96.55407113088296,6.769142159537969,4.021091423482051,1.2205930327569092,1
3.4190510891093764,75.16438516153463,6.5194224108448084,6.28050110534241,4.157739530397832,0
5.942936714271991,73.8783308284518,4.330901604239169,1.6395365315992598,5.895861465545893,1
8.764048992950068,84.91207665411996,5.5900482562749,4.837409156584736,5.914449623898687,1
7.690840092309955,76.41970620253014,7.714976561200836,3.972053543047853,7.705518061229526,1
8.186373253278795,78.60602799336766,9.573861446699041,3.3330274380606095,7.396450786402574,1
3.9775686471376295,87.39653151724671,6.853711924381565,5.770512641731921,4.428916749385553,0
3.020790359482838,60.906439124927076,7.491716610361185,5.758028309114015,7.599742487061209,0
4.748426159800704,93.1830232485267,8.428717235429207,2.1070184080231438,3.5719165124450902,1
5.111449824577389,80.72680524329341,5.783659095699625,3.635678832284152,6.861774765583675,0
7.188383036941897,75.8850685543782,7.550221064928163,4.562423365168131,8.621044956841986,1
1.6150707405703613,79.1076584577855,5.889264840501762,3.453986503954831,7.429888213709939,0
8.059100638921228,79.62429355020518,8.297236657736518,5.170042664575597,5.2115407670482465,1
4.683984202842021,62.68798696555075,7.227104571927599,4.562384035820551,4.336442456455756,1
4.14623786010516,94.94938227453235,7.44767772097216,7.665122480712025,1.9428174074814275,1
2.975791249479665,80.41325632270619,5.826102103872117,0.9394417281404248,5.621079275828408,1
1.6902866562684613,84.43002130447375,8.060548539416178,3.755128020505205,2.7695655440581617,1
6.646341167923829,89.51549770574043,10.127069381846525,2.1829949769756176,3.413730672772126,1
5.146635934376808,69.788375424397,5.488132456857691,5.208214910878088,2.618508398526657,0
2.4200782005178922,84.73471899035229,6.490361488528714,0.765656219908911,4.0792153346866895,1
2.409842455872768,77.32358909101207,7.347411211252138,4.692625420449773,4.944061171026036,0
4.328430601419743,88.46770775216494,8.179609317993725,2.739903137303318,5.54722916233141,1
8.338043050578786,58.727725796485046,6.160680572065797,2.531676267757972,3.798986729172073,1
4.48081729727279,79.00905699758731,2.7504545647858905,1.1070035929186255,7.138567412790366,0
1.9937140937637876,73.97179344216039,9.038784241246038,3.0698481075979878,4.583589484020068,1
4.508513871828112,84.32262950634156,8.140759179376214,6.169001060581851,3.424555133468962,1
4.454552860504659,84.70044187368202,4.385578704270003,3.949622632941041,5.452584534486872,1
0.0,72.92374105177974,6.088646812330666,5.255360835748949,8.927105667087632,0
4.8914102669643755,72.87826135823957,9.352273644290989,7.32928364393255,5.670321133070235,1
4.538130939582644,78.89334631442671,9.171694627686799,4.527511169645152,4.274288745252786,1
6.3924127296268365,71.03357772684792,8.407960034018418,2.8824008558753187,1.945077287762592,1
8.69791218989069,88.41983695452127,6.735831349060206,4.93450443036558,4.561175358055859,1
7.253130059095515,76.30792799552555,7.124481128218765,2.911407707371416,5.469856250176231,1
4.462222618890339,50.930117806783585,6.80361129231081,2.991154633405661,4.22483821748886,0
2.7869481825166593,76.25177943378193,8.692359674903257,0.9602144007620304,1.6692307235180008,1
10.14671960649972,69.61456179156028,5.686236390257335,5.852514982168785,3.298869220993132,1
5.118436868028977,63.687241845390545,5.791300517673693,3.2279948487011216,7.909076921775515,1
5.027858583825893,67.62573361777427,8.515411880254023,4.364196491631724,7.868002007460921,0
4.951749825779993,81.0940847183297,6.933457816732657,1.928076142786721,3.226721661590804,1
5.39616952153571,93.28640828248231,9.067701033180711,4.871895259430945,6.345513574398844,1
4.711279176152115,83.1318447386498,5.992731689529181,2.4761175237298323,2.6428544304596526,1
3.8526759862395275,73.9349661178426,6.917832459491763,3.7165825565963515,7.808632563989905,0
3.9062821175192157,84.55904195170703,5.616380522734071,5.7556520624782515,5.4904716957884725,0
4.934493459568003,75.40909689781009,7.0110440221353505,5.581518624465058,6.899282997233067,0
3.91315045773247,73.05399630836855,4.782179594501802,3.955939854966119,1.5698133056349222,1
3.5743084346456713,68.45637331767016,6.268549868567556,0.4637379345865633,6.355274203849776,1
5.212860455383794,62.48171193248281,4.845619202607823,9.985621140121282,4.984651872630993,0
4.490045565158289,76.10076293440555,8.040884849786888,7.4917179405462715,6.703858141581685,0
8.007985977165378,81.58053489920133,8.074884009639478,5.445349649776597,6.829735596195699,1
0.0,79.0337632998511,4.404605904273483,2.4935924368180586,5.131569378949499,0
7.1830137038449235,75.84033072052641,9.000828618250859,3.7728156765960708,3.7983407218081706,1
7.492170384995259,70.54253939303219,10.74612268962978,2.9131591404469663,6.559392364358988,1
0.8532195351837011,86.08246191684968,7.069009580104511,6.527711878192777,4.8796910011897445,0
4.314624811839303,66.82868080053416,6.038328609663033,4.525005781703667,3.254430092944715,0
4.257118268008417,87.76027913843475,11.236495886504569,2.431672283280334,3.1596955370846285,1
2.1849766105643575,69.97782981073276,5.021547252546234,3.058489801750436,2.045671167375237,0
3.444366624818249,72.47564762646965,7.030159700303647,6.242376285139809,3.9794176808738735,0
2.7788483090683425,65.33214809384323,7.269433408947885,7.200195693640957,7.205384092148757,0
8.504540886847245,74.98597853114363,9.017721430678622,7.0566631269724915,5.355659599410869,1
6.871356786294922,89.75312458477978,7.5396084626901825,5.514064130107955,3.940464588153919,1
7.543110189988317,85.15628088443957,6.252049156317323,3.494750262394726,6.609711876360159,1
6.44334412808647,89.78422112028035,5.5732234444180655,0.0,3.3350467565532225,1
2.7418964575655416,85.22142545933936,6.487267269630797,4.594320047616443,5.190700548665557,0
3.9509594674404527,68.96330171469631,5.489608958582284,3.9963424823117992,4.640739254548969,0
5.978749122455836,76.69210775672443,7.0717379796770246,4.279964192642708,6.558261251176704,1
2.5557443822161092,72.19800870882537,6.15370573020927,4.1077946940664125,1.8455432581609985,0
6.425996860344776,93.3057490403904,4.758943310065375,1.347475676101686,3.299604508370688,1
4.5193492036837295,68.03211353573688,8.882718682562356,5.1148171137023715,1.7235086818109329,1
4.250358384900805,88.93697689389111,6.2534912148564405,5.264432628063701,4.48080655638146,1
6.421919936406983,88.9295387010877,5.097794792537031,5.364677564119319,7.422855007264861,1
5.88852662297208,98.29620201716088,6.747611298268688,5.893154007146773,3.9891055806929456,1
4.278067668361841,75.90313407370503,7.102557348951488,5.208103289843247,3.9786321236086986,0
7.318659606728496,87.12322159580162,4.380299911631449,3.1799411769221786,6.743448848368272,1
2.8378733448002054,100.0,7.497471500688644,3.8583263041678197,7.1370991169105995,0
6.231871213888527,73.82358323066303,5.429263646964603,4.182249734506754,4.82285786546242,0
6.186202515936768,64.64959752467641,9.566543213786181,4.215398898213237,6.369429708099784,1
4.38090712137202,61.19989966092236,7.785940768115102,5.9964353119434595,2.846090918244107,0
5.652266044484236,87.12712028861331,6.400150014836025,5.287337506044982,7.755948667850827,1
2.497772847229394,61.168497919414165,5.882248344523974,8.154686879139906,9.297412587874103,0
6.848054038413802,76.27680947062078,6.842548438654564,8.412937959769344,6.04243158237745,1
4.630195727114022,84.37313187038961,7.919186112374934,4.15929916522785,0.831336757314399,1
3.954553958961921,81.85175536829914,6.961758807122201,0.0,3.883539475204431,1
7.098018451673779,84.25444864184172,6.674261789294715,6.4736649322545325,6.225650643338643,1
3.5913126189144817,82.22289855800854,7.087555436226843,2.919247322025891,4.157034005667274,1
2.1830774072728807,92.78865813313394,6.094211603144568,2.3970321563379864,7.5443971085001955,0
1.8867416529521925,70.47683619261203,6.485191109735443,3.2031094500212665,6.17631452887173,0
6.21201990269128,73.23004861541469,3.8713113416424942,3.1067139063707874,3.587048998468407,1
2.439141295007434,72.27340554729176,8.460589346278551,5.224539620210785,5.064529621542506,1
8.50958836396873,88.3019181186261,7.448196670482643,0.8811284417475491,3.21233355872182,1
0.8361411842325559,89.00398588395063,5.839816233949855,1.8445585084167968,4.6348302431751165,0
8.392912736580076,84.51225319318507,9.848102472032858,4.686317108394833,3.8908135191348965,1
5.422034934405237,91.83493666889927,7.13052472058858,5.2458880608266165,7.3495236004660764,1
4.806573776259215,68.2195913262362,5.445784642037205,5.283083289872024,9.23202411366199,0
3.9101618263821005,96.67224111551137,8.285106132205687,2.425927442133402,2.137623333528496,1
5.798272228704142,95.23238621712258,7.597072324763894,2.04346870146752,1.1535674275804957,1
4.9247305951503035,87.35621997245747,7.591869978226329,2.9867303324241616,4.509655156297229,1
7.2066037640330425,97.8179890877106,6.361366593022614,4.4797455045694505,1.963168602342635,1
5.228455297324079,63.43376792322226,7.675743585667052,6.9709547385451,5.0924232073418345,0
5.300603522923756,74.75551863737348,6.6073625646683585,0.0,6.497872227611854,1
4.272775575572288,72.64696539318048,7.833912177468763,3.558542486083267,7.9882837945336505,0
4.886108752557865,87.21479323757343,4.142583318984042,1.3346431179495926,5.4027891174305624,1
5.615603537784119,69.49859260397855,6.349189805531216,0.6955146452930205,4.613689550300842,1
1.5796632146867489,87.57495149337485,9.583232646712293,5.933913290689633,1.0432301668538315,1
2.303629155788574,93.70536143996713,5.84939881689955,5.089249148998677,5.052370298371597,0
6.48652818804543,86.95202900084,6.09424255376022,4.898867031894524,5.142574521098924,1
5.341730876255884,82.83751023661502,6.3280579923250375,5.842051679461987,6.277913628425491,1
4.632033327294642,70.1212665909925,5.177790796167035,3.040562206467728,3.5830237969418177,1
5.036867866130787,71.53149033874635,3.6875788356576216,3.1347249673329434,4.12989479952828,1
5.695163410723342,92.49618905296667,6.654120402214581,8.37146123344515,2.0439954893916314,0
3.920480639381277,87.79349003905332,7.203789136122485,3.5068578914808515,0.41741438623186955,1
3.4433905491953745,79.60980480622456,6.921242397192022,5.470264226108182,2.7830058184064335,1
5.391690510195363,75.8209045423411,6.7826821570781695,4.01276308192663,1.859348371493967,1
3.0432544447699357,59.74192126888623,7.064561306275581,0.30348293984316976,5.673424590841222,1
5.816505511428944,69.29147581315561,8.534262207326146,0.0,3.9637318866662854,1
1.5948327915243192,99.11419087139723,6.714330721106175,2.8420315601201906,3.9235257398504215,1
7.058311274651287,67.19544428997533,6.138876134369095,6.112202503339978,3.031173907649576,1
5.9451949648260864,81.8947982122108,6.57831177266787,5.576583313272007,0.0,1
5.5120594686277515,90.07443973195198,7.869020139635164,5.8281543284480675,8.016621497495102,0
6.965381967891028,67.45077331997707,9.118040317814874,2.025907642127369,2.9994589544464234,1
8.330948888925153,81.84710474781083,6.057784391246233,7.231744980244628,4.175159860300186,1
7.028740130036261,89.37915537510655,7.148400680543325,2.0702133996272316,2.090215669421379,1
1.3182515373367094,80.12499321907251,7.507536162903939,4.425648797339937,6.943860686881267,0
2.440846066528597,100.0,5.511132989906765,3.9792954201845268,5.286857874074649,0
3.7503628446086426,63.31400741121804,7.030625750819377,3.652252359370827,3.3472694294682626,0
5.052182100421668,90.5872852988388,4.801489213986857,6.6771842765912135,4.215540777311952,0
6.035318040938246,78.27198262603535,4.346424544390902,2.589778959668079,8.35635984424974,1
3.548512373693069,87.71920154836675,7.550119611838386,1.300789488576144,4.854061136237443,1
5.373533528954157,84.41307151699246,6.424187888003826,4.039990972412839,4.636532924768188,1
3.489234135293355,72.66843802890003,7.303420611431829,3.200346531426947,3.11723702772147,1
3.7769643940161037,82.28996392459341,6.973157534487475,10.75476583816529,1.2108376990553942,0
2.1866778063035555,61.42098548601713,5.535399927004304,5.35301495287995,4.679922652841311,0
3.1535335077781914,86.03247500571393,6.932118547053495,3.1813188495627513,5.650970224649235,0
2.2966307887673327,82.98158465990525,5.1503480424777175,1.8877768616258268,7.1991689286553395,0
3.0482534940453343,86.38660168643102,9.086458537002102,0.23942317886243059,0.503006931000689,1
7.107283593215679,90.5811832508715,4.966044482710054,1.949561828525134,2.749807345953942,1
3.1012022223361138,83.67619840209711,6.706322093547128,4.229883543518263,3.8385178188870994,0
10.26476412967478,81.48089419798276,5.4365926179291275,6.854657303189539,4.993038302853597,1
5.9866358017617785,71.18931663338708,7.855631760041193,6.243378284775838,4.7099326169431555,1
5.369672247389747,72.87779236350949,6.5028529430777455,4.4581896632927585,4.756622628625461,1
3.2832844396375727,91.86734620177332,6.221999920568185,3.3536646685950307,5.816192117139889,1
6.4006197588179825,94.36335405705978,8.279802317577332,4.537624712824308,3.1934137784417818,1
3.848724347524452,77.61889563687946,7.044145887516328,2.9627240050308483,6.868282884467389,1
5.244019629290723,80.46002747253274,7.774966668903951,7.436727991527752,5.866904883398961,0
10.12016907653759,70.95385625006234,5.528011095223803,3.62161963744984,4.360335471743841,1
4.8078802005507,91.72756845267445,4.892774584108739,3.827324283506546,8.20181598377783,0
7.298546652571352,86.65416823691778,7.1608119430602,0.0,8.112832071143533,1
3.593647149748225,99.4121743646375,6.521730466757903,3.6091303069544725,6.865790710387618,1
4.930023019006077,71.21676922820261,7.939652008680916,5.6729682759298825,0.0,1
8.54160127127102,76.21992100981782,6.880137321006176,1.8645548459229095,8.157890185435951,1
3.746065884424465,82.31445922525572,7.307613008851945,2.4985593310143743,6.589517044943868,1
8.624897115993857,86.4648953772577,4.564926205088135,5.58542203546733,9.012817275425874,1
6.415503870910951,77.84332362452368,9.832655409421385,1.0466855529638934,7.4749291834670775,1
3.8750664482114647,71.270389095463,6.753637022451953,6.115602015083837,8.156685354994572,0
6.264815478111042,88.81407528923572,8.046380455508798,2.935712219653796,6.757309700360758,1
6.9451088992534595,87.21135362545581,5.74586249467056,3.2228635590175942,7.697386397291025,1
6.243619924434393,70.83725899436276,7.4620148533260116,1.7522431897488118,8.98824748146888,1
1.8595505602190872,93.55442801105495,5.045732854712882,4.756092520855766,5.433109476756412,0
3.545725648350263,91.70198709196603,7.6781017573895065,8.91974397005876,1.8555389118437406,0
4.504962728896991,81.34296497247793,6.466038873421251,5.562994478921264,4.3850781999697155,0
4.851133141799908,80.79597862376036,7.043785755903351,2.2714294761189286,5.779891198766873,1
6.241344195101356,85.54057771115907,8.046961045195147,6.271241170982952,5.1497751687431155,1
5.355402001866508,71.38296929743741,5.15118953316958,3.366640908131501,2.506876067681147,1
2.3293112825797975,80.30031479164082,5.9732624040808044,6.748969962855119,1.7378647496100421,0
5.760395702011927,58.4761645539082,7.685986421630148,5.613352804328725,3.5176746627303412,1
6.221171490567646,88.76455645502935,10.147332211820121,0.0,6.615479111968302,1
6.11958089586208,64.3850677755814,6.792876498007777,1.991840734089945,8.160679541645939,1
7.161561451109243,95.03419828428999,7.886704176885899,5.8887704456707795,6.8331352275554025,1
6.667844309097808,76.6987990603355,6.83954279521228,4.303314544290036,7.114854574228272,1
5.918360158456873,77.88333018068823,9.91336839213445,1.9524881045842988,4.838368853672884,1
4.859668577082706,73.72266093915495,4.379167499552117,2.7328209690123746,1.5158350845880721,1
1.6780781329680172,77.11961126077924,7.141931567004037,0.1875267598212389,4.0895588382345895,1
5.859236438265172,94.18531345148037,4.561683949656908,3.823253424947208,4.482471176255243,1
5.4153753743262225,55.1219134346492,3.240142644194925,8.421379452031529,4.005895026328636,0
5.543157674390747,92.76965386088187,7.446193079676725,5.6098667814646515,5.109389730749252,1
2.446502848359381,83.38023481101708,7.209246694221188,8.380834002376847,5.882839519785901,0
2.8378869191834752,67.92978352142785,6.572744593386698,5.76479417957996,6.706030376486995,0
7.1063057066658075,69.24687606950762,6.84070886494037,6.054958686705383,4.443760271267331,1
4.92088969228669,96.76393027208204,11.647449151106887,7.948157375490048,1.192481188710813,1
6.363001394745249,70.54493120057269,6.612737292952849,4.754526518684453,4.03424456141773,1
5.056636752260922,68.46649489404041,7.765186541875112,3.6255453569862395,5.087420793983967,1
5.05951227899149,91.37314542364729,6.025952770579178,6.065315033244024,7.4456158442668166,0
6.876567611951995,83.38552876285914,7.442848862560905,6.90768047424377,3.8643843156317894,1
3.967910543565252,70.620744234636,6.642649487416573,3.040070714575582,6.025087256798804,1
5.192241553881967,82.16624975404619,6.384222275905405,2.5568618353199417,5.580175799270865,1
4.075449422589915,69.74247316359723,9.728347798300486,4.277712064861761,5.087801066246777,1
4.131007545135369,91.00821398422605,8.765777444776509,5.662997733863325,6.8610666386491825,0
4.381655753062721,90.61370964873133,7.205119971098846,5.5961820973231235,3.678317606494838,1
5.444267543267426,85.32006198821944,3.5436820960840496,1.1516647996248017,3.849627100712967,1
4.042502756673045,83.61661061247017,6.458486165121146,7.823212134126644,4.976198353811544,0
7.511512251147042,97.61188124867374,11.054541346607625,2.717670141206299,3.7197069898126003,1
3.2107853955609924,79.99686327388225,6.6540075000404375,3.469870006222841,6.0160245821092,0
4.626256711677282,68.181258745792,8.654826358080488,2.1946912800243608,3.5736153912677344,1
4.12053788345165,84.49473912832306,9.162913602928901,9.396657671874175,5.4526084154902685,0
7.893955768707466,100.0,7.328445873783963,4.484141340575935,4.799654462426487,1
5.393109553023149,69.85240506814148,5.737267552197771,2.29804983863687,5.429851929553411,1
7.063689078937269,76.38537233306015,3.3470315023256676,5.727847099924892,4.080517209873921,1
2.028879253926056,84.16446038101452,8.026244812913433,5.538271558620066,4.321823410946346,0
5.534100531738518,79.4609515099426,5.777865995764678,3.624545952840232,5.1920185359941,1
6.779261591246874,70.17696419622686,7.264225677831538,5.681213425566766,5.404149012322625,1
5.164567978550848,91.21857856230471,5.125269490615954,2.349416078338271,4.991596169217688,1
7.130960750130702,100.0,6.602143689294697,3.0141634501014956,8.410724713026168,1
3.9654230997992554,81.96131459023907,7.05057858235158,0.0,3.0185261625174316,1
7.81869488037116,70.95931710264,7.402890371566447,1.3520978315608745,4.871592410094573,1
9.5977962472385,64.51039474946525,5.327766718971379,7.615261611341372,1.8527419557660307,1
4.274322879120682,82.5797598122118,8.795366423142028,7.282857255444629,5.744162957334773,0
4.1089949571984565,91.03877343316258,6.104657822902043,4.131577297297925,2.769506927246372,1
7.906768954235401,84.75167746495381,4.488295809320132,7.325862894379675,4.443379488246848,1
8.159144291461425,79.97596159081147,6.8364648700548045,3.6798510267833904,4.255871349337348,1
3.9542799456934636,74.10728348210694,7.05156296353969,3.513179394864184,5.561782253202343,1
4.159626365808285,69.07836367281911,7.2408841497576395,4.113021296931112,3.8944181649096397,1
4.436430782278985,88.34751326324883,9.04319860552762,3.750156809352869,3.8093886046120353,1
2.311098977931446,89.13771621385585,6.645326744896211,3.5696073528796393,7.871712928171796,0
3.1626961070316035,64.54270213309266,6.820570563446843,6.286796214299105,5.569133580949052,0
2.9917184664958643,95.89838978180684,5.34522342815036,4.300271307912406,3.8778982959554638,0
3.464404869791743,85.74071220894001,8.230830254331845,5.424963528867609,4.4983326563775385,1
4.930630225226437,93.99594645145794,7.276463596117155,6.062761050554662,8.29070990454149,1
5.468429465073042,66.57872251514885,6.369958409058756,4.776371591309466,4.529670243497806,1
8.101000985628154,66.34175844584561,4.142987959801804,2.059457348183522,3.6214467536952246,1
3.003291918522418,78.51030690232703,9.166618292582632,1.2942682220719224,3.630007699747215,1
6.968644796953168,85.02784426895194,5.158480053315914,4.297561269614611,3.9017470380208454,1
4.572022311548982,97.96360822926964,6.113082985945441,3.657487390350131,3.811004555146555,1
4.901072580695134,87.06078913815132,7.537516766614004,4.174782857840244,2.440704303301514,1
6.3496389843332075,77.57318723187967,5.20516310707497,3.9678919215028277,2.751599806106044,1
2.7545559568754028,69.73630792334107,4.759735332620284,9.167147320333134,3.34135925127726,0
5.764819492368101,92.3000057271915,3.8140786259490027,1.339547488717324,6.183142036906196,1
5.332904416426112,70.35294574249285,8.081495429358453,0.020107460357750462,4.237525425454253,1
5.984902528016298,96.28468554772321,6.182220632910517,4.66475366703922,4.58567662181192,1
5.5783372878156365,77.1561535039349,11.390905138709995,3.2471548908236096,7.540176050509794,1
9.91060027982179,95.9058207261785,5.508467401553689,4.632135739459902,7.590014299876836,1
3.7245200314973683,86.78931290059279,5.6178234648566185,5.167766044568002,4.43575011372453,0
3.9380060899963647,78.63004510557542,6.151910544571898,6.568209390357795,3.738272978633182,0
3.753718947150471,74.80603628173873,7.364701982707734,0.9855483592321232,3.2711393726529243,1
3.8890457616794905,76.59092122653921,6.294694991822033,2.886564204285674,6.3855515394164755,1
3.7252257453869646,84.28316692375238,7.918498321003768,4.857522517761527,4.590585532955425,1
7.378033062215104,80.77156496217717,5.5321174150170185,5.540927191374453,4.22701021935442,1
7.841008495979709,74.06188591931294,4.9276124223046285,8.386899100576771,3.3726708497248943,1
3.8585074125010475,78.34368589682367,4.302677890886339,5.911407942227735,3.460667181977223,0
3.3352888537915426,80.7857702971915,3.664638748094205,3.886422808227446,5.6401163829864895,0
5.942831112772808,58.71265905585188,6.222896470787415,2.2191284941146767,2.369123468225476,1
3.8955539114380575,84.58168114788698,6.548529531410167,2.8714202945619616,6.989737387575877,0
6.265863635511021,70.20278775283194,6.052844458775225,2.814594354085787,3.932310712370163,1
5.405846041702599,68.46667596794255,8.865108695780743,5.310467257027521,4.700728111496415,1
1.9685117700055361,63.1265565288929,8.842045314412204,4.513994891171661,2.3260440837188914,0
8.095010402660122,62.0610750213211,6.4977955188332475,1.3527008583156421,4.975268123515271,1
8.591755346191043,66.44552496887711,4.309118330212056,3.128197061819134,4.34335811461888,1
3.7744226190312276,72.9097904236951,6.1499423379174205,5.755095106902841,4.899838802287067,0
4.224596880128032,99.53259137526568,6.100267909124408,4.703324709948118,7.9434177967237805,1
5.57173078144981,74.74120324104796,6.014297556582913,5.137289232025541,5.35539609158048,1
5.66891357997405,81.77750106268032,5.953421644152632,4.7658434201145266,3.410681631708392,0
6.317088545345661,84.00481386506328,6.019805656412789,7.252861469217718,3.5773601789068636,1
9.0204090775327,81.3106518621585,6.42018757615336,4.4720861276487405,6.190262371827537,1
4.646105545011901,79.22556539274007,6.046688351776665,3.227954404258604,7.597386581986848,0
3.4034055109230925,68.04706236400756,7.312483762938388,2.168489917732879,5.5638360415021,1
2.2413615439709456,94.50927548279212,7.540553073857292,4.499218916419424,6.377425489109539,0
3.538139920116162,98.07196643637886,5.634032369226265,0.0,6.21947544667341,1
4.933746054252405,63.17341305877314,8.90659798901055,3.631421996334576,7.838128826715042,1
8.589115727035576,69.7597140911362,5.5299065472390785,3.588320280157312,1.1008196545479345,1
3.964777401927657,77.20189657622994,4.573299079276994,1.2710582927654381,6.334437878609057,1
5.447575903277797,70.35462205089809,7.571167107047578,2.1434683226880082,6.967472087807128,1
4.967154207854496,85.05965553455866,5.773887798378491,5.619315060296483,2.322552587728853,1
7.376786546896168,72.71727797593387,7.481937206136082,4.461423498149925,3.228663631987168,1
10.053864851747242,100.0,3.3944970983492047,4.203576667414655,3.298434502743693,1
3.938262454159359,91.90548594343596,9.088683912224601,4.6126950678640455,3.5424196072452334,1
4.021121114963556,82.12574030632214,8.008440112060603,4.185255175897847,4.0365658981289485,1
7.0883217541381445,90.26986263319732,4.749285176255498,6.485725125716629,5.485205626109883,1
6.363782979252623,91.05900424357309,4.781834314230571,4.246858363407298,6.731349302334739,0
8.693414651472068,74.36052511941757,9.508398856146291,1.0835737723624992,7.162633915537073,1
6.167856370651927,71.83782755458036,5.893930144753062,7.260259929748821,3.3243538776644366,1
4.281415818425881,80.78143062969647,5.748722726901065,4.740680534657692,3.3105940025940344,1
6.181309661384619,88.61636124497944,3.6009218587760756,2.8214925384098644,7.631643680032446,1
7.2174071611658155,81.39060398653417,6.473832691597669,1.4931965634099629,6.293487870837289,1
6.640964362394728,64.23003517809002,6.658420577746371,4.791828441916091,5.165729683737992,1
6.014548062214596,71.97175556049157,8.073239645154228,3.765655990051249,5.946673351109935,1
7.133349379178307,79.26027136405622,4.901382357723287,7.1482935720648175,4.9403924362971186,1
7.3385911808913455,79.2433439567417,4.719569811639086,3.308185438666344,6.04916936609523,1
7.764317982075054,99.72542176789808,7.676443952164715,2.325238420635066,4.327866606988519,1
6.297419775179286,66.14012057601002,8.510095106840597,5.791592436471857,5.537609868878461,1
4.665763839366291,85.05589241835875,4.643271473323175,5.850563785433662,1.9789078992610074,1
5.293427372866645,94.8911310832829,8.622271129449611,4.337302735220391,3.624431410349138,1
7.413017933016714,100.0,7.056312762230232,5.352714095349817,3.645977646419313,1
3.366128658025528,75.95602576816039,8.637708008611968,3.924625758515524,4.251219933586172,1
5.737346617745803,84.914294527202,6.894669457723575,4.467730202018494,3.146973490440504,1
4.213322375345278,85.69760357198646,3.2165831237680744,6.329981765127846,3.9329127483538366,0
5.057489645869635,81.9548173155329,6.772048926525942,5.250636668043006,1.9711718752037588,1
7.556903725214598,79.01154798760695,8.590215728006905,3.6614511233347504,6.0974009527898,1
5.382198136039807,84.35975389500047,5.6593809713744285,6.704725091852302,4.834972962177211,0
5.092873096312298,54.677539147803145,6.418052546638822,0.0,1.5895847844479665,1
2.2802877180401615,86.82069490062631,6.735799744673533,8.10414662284387,3.3303401789066536,0
6.492507132054442,81.26177903661967,2.6507291801972777,0.5880818102185295,5.673202855124334,1
6.29096836228215,77.77525103221734,9.507021363156214,2.745814350455408,3.9139561072284206,1
9.32650944661092,100.0,5.647936480154238,3.918164929609862,3.6061170797238065,1
4.384443530093998,73.25065981209448,7.758603148709199,3.707038658543677,4.8508146459838475,1
5.438300655327878,75.9692401093497,6.869948295777687,6.012822080053109,5.687195070356433,1
5.498767367421511,99.91553302204734,8.88642858453904,1.8843267627795313,2.127295085921679,1
8.15490655952695,71.67938695150143,7.609084183642121,4.521533634966127,6.1002569624357585,1
4.809408935226096,74.4988471706346,6.647613592718538,2.8435758035604923,3.3994134367852467,1
5.558043051540679,78.5297457656915,5.65972736122108,4.590281958674833,4.964144063500402,1
6.215793019433079,88.4073448212955,8.196776052073208,3.870455480404247,4.929159718616981,1
5.3732182463127165,82.07802507353314,4.189838044068075,4.185871305365955,3.945867763520452,0
4.107132770898944,67.07374652847737,7.968835630413839,2.9001503350713085,2.952680507738571,1
5.388179985796615,74.67831436872811,5.351432872667691,2.979872099807835,4.428626903815473,1
7.1472634997195446,73.92645566787789,8.87842549293496,4.574545028054854,8.25066061815039,1
2.9469694011778795,79.22778954776955,7.241949313994042,5.8874310115120885,2.276649939072738,0
5.265939348293752,84.25843658629829,7.966185651775163,2.8034413316043043,8.38462603820975,1
3.599758370121654,84.18205755887972,7.122983220737079,2.2624649108541806,4.480557657846935,1
7.390093257849685,62.23988245951598,4.371434357288505,5.226920331343674,5.0707428341772784,1
1.9536261904324506,90.63940987560856,5.708906254906992,3.9349922138846214,2.8265783772305455,0
3.8821563054568236,82.52568845996623,8.008584006417074,5.660996267971904,3.4574611666450386,0
5.754423750129042,93.84532047593906,7.249983726039766,2.188405573257705,3.9941806999239615,1
8.13104805846868,84.44198327290673,8.771484857958509,0.4411221491531383,2.9086100582441756,1
4.868499477854025,91.01322957735762,7.604911844555757,2.9339918363473316,4.582164085258256,1
3.8896009466136032,84.66545311450128,5.54994716394601,2.4672947814699677,4.185968216386458,1
8.76231413888118,93.46225756202747,5.8059037934190485,3.8424231998394003,8.701562284871468,1
2.103972199167512,85.22250636017779,7.154376085784856,2.726309571459221,2.668051628639078,1
0.6023880867598361,79.02084753557097,3.528933900999842,5.482033902672899,5.205381033497175,0
5.880028900106665,100.0,9.510162828434478,3.4236994751549674,5.495692563803649,1
3.9958915512947777,88.89037122279892,7.662620104566336,4.300948997547802,2.859358902696325,1
2.9575343657385735,85.73744421004413,8.84055189557331,4.315269116881888,6.373654990905677,0
6.416712894598707,67.23695583461664,4.629094088786246,4.389910184824375,4.203345974236743,1
5.487601427542398,67.11692382536462,8.866847740532883,3.951741779090053,0.01522069683386551,1
3.871842738526543,82.92715482141854,10.347248366541622,5.021201380820627,6.31969922420913,1
2.439391202658211,81.45521197768241,5.018682466934024,2.408689732348385,2.7661182317952724,1
6.744914656560289,73.85877434991684,8.15710269235565,6.798835853307766,2.904450107721802,1
6.300402355917322,81.4098269961206,7.00166491703094,3.5269252332629297,6.375804165784796,1
4.801648272441234,95.88626928043595,4.683349227627634,1.3769017242026367,4.3056770351631,1
8.693273992095332,86.95402474550299,7.739325957777805,4.376146713983546,6.835544301103001,1
2.859830467347695,68.58991490247261,8.250404807256022,2.29763903510503,7.420332190730638,1
1.9489496581505223,78.88491172857056,6.098310170996729,5.33066906901775,3.7101430793554044,0
3.616183860237511,71.9503351914744,8.748874780382835,8.419211152084756,6.5865249919100615,0
4.908827967289004,76.12300083591438,4.499854889816204,2.4268558168842995,3.4890783972142363,1
5.486678898645383,75.86384334370358,4.757865780325534,4.6647446664479695,9.466231834264352,0
4.5175278842873405,75.22354417395995,7.2048960933831285,0.48898882259074483,3.6140859909375695,1
5.704110793028594,67.44864628026605,7.038077916958407,4.907810458882694,7.052174881920008,1
2.496921151619112,78.7234531848181,5.925139767363842,2.22857240040062,6.687580051763151,0
7.887529208146519,74.3939236315269,8.21439165395783,2.750330763131035,5.632175644217868,1
4.835697643214862,50.705513099977324,7.796341471323924,1.797427020320344,3.658913677166634,1
7.234591663176255,100.0,8.287208606401023,5.464302452109471,4.697205016117182,1
5.685450692755408,90.88769654216672,6.815295346971599,6.014608714946525,0.692823774110896,1
5.913506438307568,76.23699275075003,7.903870401967511,4.046770429317015,5.448840076764501,1
6.139534560464408,80.18819049740598,6.331524545455008,2.271146589328561,5.69923066205677,1
5.8954171200346295,68.28345652682438,10.080728035129894,7.179046072207725,5.266998838122743,1
6.285445519735088,96.95722877810866,5.781181344817021,2.4991797444906876,0.0,1
7.658305060264863,98.97288694773111,10.157946144187468,0.0,2.468727109820378,1
5.39304233940294,81.56693728246525,7.052331920634113,4.916778019914137,3.503818034302675,1
6.418007515177025,90.23530644185345,4.936733665646885,1.7904506527169666,5.583317866378092,1
4.820528611425546,81.75286778933923,9.052119025732901,5.97721758699835,5.578677811285969,1
7.880234430898946,66.6327456112407,7.1888520825924385,3.2377246066531624,4.659552416057641,1
3.6472153958814606,75.88176631036343,8.276686147570357,5.207426481088392,6.270491073207913,0
8.60188086582163,81.31927966771957,8.83578387781389,6.803000693104316,2.9475152493942,1
4.919684098711313,75.45452281256556,7.506933331217538,1.5822822707585562,6.2204700113879925,1
2.1384497957639037,77.81346722564965,6.111638732780778,2.868125738215189,5.949484209679782,0
5.2562088298215786,79.08600442490885,8.463570066503875,3.848657854685873,5.755109465675821,1
3.6378966850502383,79.19121502134539,7.001133261181893,7.075102638068687,4.635919137828688,0
6.681287097977448,80.52258490497483,8.028786727912628,2.6832345641191093,8.661487649662524,1
3.694752041395218,69.39394933603398,3.769404139312808,2.8109926081019854,5.986391376979757,0
4.107633133570441,72.82983850872064,7.670472575514777,4.956281151111617,3.063328273492882,0
1.220918538108938,67.1541573430003,6.042121262282455,2.845542548578858,5.496610951471968,0
4.095387361501847,89.778155496862,9.479964455767796,4.305051765795233,6.5049667541484375,1
0.15224134674208667,58.943530581596754,7.934631021833643,0.8969251580637465,3.823782802151381,0
1.8321943530285534,91.53590343316925,7.359786618773945,8.428659885113193,7.178544493862198,0
6.520829312288595,93.86349397262843,7.729464990025332,1.3045815393811933,5.764067411432022,1
6.571600317301664,76.97819413017379,5.502338720684922,3.3564945920195832,0.31504332466930585,1
5.85091512356993,53.96862912172701,9.434885035792082,3.935037928315811,5.599343954675852,1
3.066047713741574,76.38689438032709,9.987055627625356,7.825376268713591,4.1879416911745695,1
4.90457728771604,79.35815838711181,7.589370265822325,1.3503084381345198,6.074359629083472,1
4.992794921818863,69.89401780071087,9.385605352860459,7.9674082709575025,6.888429680503629,0
2.6832706216149145,74.84781606191757,6.146277701991199,5.514353642204045,5.390324094283636,0
8.006796603534301,95.30195198863352,5.804329650662529,4.8341906488464925,8.33050446788939,1
6.7547245811513426,86.64927162301741,7.061387123093384,2.030732625964089,4.642586230873008,1
4.558071652340672,70.754358856219,7.652411557551848,5.142282484076148,6.24963564610775,1
5.053771677989062,64.02400830404568,6.409019978135319,2.5530267551604,6.609885147274695,1
5.416765615895105,76.72982682390229,7.806652285552726,6.533322506396825,4.805308062214534,0
0.9165302631514187,77.86543220649561,7.459584223110121,2.057875941784534,6.5575486159555645,0
4.5056452349588065,84.96199187363317,5.502539837063417,3.773683011087832,3.8106540256756625,1
3.6360315040044027,74.64683287432341,7.778189526177582,2.889453823973657,4.154863161957563,1
2.996759980210169,85.11499575361862,8.295292363782282,2.0249540751460104,2.375022619327375,1
4.43779941422809,99.35154040060229,7.257203976385586,5.482639633815829,5.482818232740094,1
8.595373053699046,88.15501022444262,8.728972154892539,5.070917494819267,5.6505033517086884,1
6.28168572253402,79.51911492669227,5.173894309754572,6.418020397801994,7.358526317158459,1
3.8576420204344064,78.16849528946705,7.701925633197778,0.4402497835836652,6.582280008711767,1
6.145165562712317,76.43326865820129,5.244578940404837,6.128341404682088,4.430408886705134,1
7.798710873172004,91.80640912452145,5.328877962650369,9.010897810713788,2.643640625331446,1
6.849267365825538,73.72686554048697,6.053603749393315,3.096717821646106,5.865700805039948,1
5.119260739840349,80.45222708999982,5.586909724638632,7.790297224217939,7.221506344829284,0
3.706126444588852,80.51197901881085,6.178006271888293,3.4736774558803467,6.510369947607886,1
6.39644662722718,74.98215807188468,6.6787745339332165,1.2551805248773862,7.168955049714575,1
5.786970770843499,66.27534452115898,8.255731729497077,3.388735115186409,4.576220937603515,1
6.790386440055465,83.22974503617668,6.518261441941446,6.096407935350552,4.066762063648709,1
6.270343603363939,79.38996028144616,4.62156143984561,2.323647035336937,3.5261972955364023,1
7.09910543063867,85.0024046943657,8.71010176974274,2.799322681987026,4.888207066772809,1
3.9295295768788643,74.66399693560834,5.744364799577441,5.187078864586382,4.842818408062361,1
7.634788131268651,92.20821298813048,6.911919359343057,4.006120233477145,5.413355257078233,1
5.395199209384799,71.23226218788156,7.6698047604110675,5.169245904973481,4.741405085928984,1
9.150521745250531,97.12040284017893,7.299415627604175,4.475659081516672,4.732744540546458,1
3.6216243638208643,62.52363490171739,8.641269321282213,4.959250639103146,3.446611894055712,1
8.4719276063305,84.3477006455689,7.718504715089138,3.1353976283809177,6.883238027102982,1
5.395821566925296,84.75430682526624,5.708035630454338,4.463461884060785,5.153036124487422,0
3.6971639927711033,72.04442932059118,10.267843260987494,2.1452539886081325,4.651112131429436,1
4.032228331891357,84.24393937861012,7.29150019500735,6.5768672450067776,3.5051414935015908,0
4.3593053836113596,92.7951866976016,6.778989660067741,2.7314505663653725,2.336173779217828,1
5.848331892803833,57.831811606459354,8.445888134583356,6.257694975098779,7.615928385098687,0
6.0456709760709995,85.02744807490815,7.374176418895108,3.532786078034269,6.109277416263614,1
3.852599992122842,55.06729179669922,7.59884228940899,4.403998021514642,1.7521643148600656,0
4.951290815478035,70.34335196476792,10.738275997901031,3.010070898218599,6.526284601419314,1
9.284540717223727,96.29166364900945,6.58731785761743,1.968009137663942,6.8449623404662185,1
8.455086340201422,74.18217966607946,6.5233586589739065,0.510479224789397,5.248752244601859,1
5.872647339348064,68.26120035591028,7.174867768018696,1.889351682815081,8.196221791503518,1
5.076006956336401,78.02062271015318,8.607273903371558,3.3521822935681564,5.433439284245766,1
5.240062653436523,100.0,4.740198954714401,4.423758357657768,2.1663529441016203,1
6.227035945460833,61.68317752793974,4.051666162785242,6.020758626566527,5.730338002096642,1
2.954414869603189,69.48690088360655,6.119327094069779,3.108485080406302,5.489794603425459,0
4.48524692515331,94.97431683179626,4.549115561411069,2.236078471465652,3.79340630244369,1
1.662831852244821,98.57702343537733,6.362752978711542,1.114570427994575,6.14711767375485,1
5.798446245210559,78.96568775709716,7.753749544193935,4.960127235808208,1.664669467618276,1
6.294391879405482,67.60947297473358,5.663876704671605,6.7663890306586865,6.9811336548855785,1
4.033627075401252,100.0,4.859760134827987,6.532660535912577,3.2437565927890946,0
8.147973526580065,95.94442391749197,7.104005742573022,5.419865496294475,3.030107749765935,1
2.5484686739953175,86.78946987762232,8.293815226922755,5.277086634535198,4.772350455385046,0
2.0712502395803596,71.8759765106258,4.457539842225081,7.3952475594186815,5.86594585608727,0
5.448903637119944,79.50970659161963,8.230348597458976,4.664162922833621,5.32784812718686,1
7.094196605224309,78.39639918955169,8.22595930560749,5.292259352048343,3.5146816684552435,1
8.367855382915737,83.30851304615578,8.431127653234942,3.3584322762960017,3.9878214176162228,1
4.0822314742621195,94.51001438131337,8.82772032230753,1.275913258290485,2.733915305245076,1
7.157361666862592,88.79417041137403,10.303020886989424,2.6323021990008475,4.55064019674026,1
4.922983060998585,69.22623923015242,6.465861927071417,3.9816819229306897,7.15004242902182,1
4.654745400118361,93.76496450019538,7.164357370116787,4.121570745002606,4.991474124712248,1
6.767319874973345,83.13132140013155,6.375342350127962,7.852571709710786,6.718828509518906,1
6.304645756826839,86.87065795858916,7.002965267133717,4.162554335182137,7.910802675452383,1
1.8472156860315012,94.66540859278604,9.299310033454468,6.357686888051287,3.8239629619260658,0
7.9530806994517915,68.88419750486449,4.982478274103997,3.129845516847368,4.6268534938892705,1
7.760182708294903,79.64174421293536,5.708425491751637,3.3766482284695316,9.342385722124991,1
3.748874596980941,74.68545448640785,9.065771404756841,1.3419847255531034,7.88868682395989,1
5.791607066874818,64.32140574634545,8.530054760353135,2.515343974246856,1.655190948375295,1
5.988060372565478,83.4670997760492,6.455302529774383,5.053962782727506,5.774296632121813,1
5.521347531647814,100.0,8.28160300168108,4.015120360788266,5.001119984679391,1
3.8993896923091595,61.59922255494247,7.51182376373805,5.885877239794468,6.652906221717525,0
3.656753264123897,79.67719388950529,9.250411913501482,4.362507896690101,3.5100424650298896,1
4.9488918580171095,86.40542935074774,7.111764390740159,3.2950925367245163,3.3207832559186556,1
7.345458038518729,81.23078201656182,8.538448170808874,8.296593727573917,3.647858569412781,1
6.087200309188865,78.86871947484259,10.96301786573893,3.8121928625739057,3.856142907603134,1
4.258771335827788,67.00783636554176,7.8971487325712,6.326001939410608,6.630648333618028,0
6.54339742129669,82.32786742940164,7.0739922486922655,3.1975815869106445,2.63759765370224,1
0.0,72.43236022984074,8.083670477831468,5.419198958767133,3.754772200081362,0
7.297531400744207,58.100782950214466,6.452078712694172,5.856031318303374,1.4219752189971175,1
1.5205724424438007,91.94592220513731,10.581951558287098,4.4169839411511616,7.014235646824746,0
4.275118117193736,89.58385819842043,7.270106556543972,0.0,7.542060198862281,1
2.7606602107477123,80.5166097685108,6.59060001966173,4.0365049217122255,4.345853138272427,0
2.4106370485581885,82.29074688205702,5.746466492469946,6.460920095519951,4.404101270373554,0
7.321653574757039,90.74318012715561,8.645830287409657,5.054961666055461,5.906443804565795,1
4.064597597376217,82.24339656778082,8.30078111924161,4.891677750458493,7.948964014756511,0
5.693007763461432,89.04017554761315,6.25396844287886,0.5554861320849618,5.817221495127835,1
4.906158842241632,77.0251779912615,7.8646770176836345,2.559089858649882,3.604916115049771,1
5.954081654446243,93.11983738573946,4.737166047680716,4.822715262302878,1.7623548560271192,1
5.15364378212051,83.20785725932684,7.2774558626097345,4.820766553573784,2.7697474746730246,1
2.4340155516228608,81.94051943605874,7.679134528115042,6.429333560265805,5.14643890062493,0
6.99253363889428,67.29938911287968,9.560994714338834,3.710266489707811,3.689344953598411,1
4.012486833677375,82.86955854301709,5.8437717959069655,4.811648173347629,5.389935411981517,0
1.886836202680498,71.68045082505549,5.082471056796513,4.032748483862587,3.894151967527532,0
4.143769678068175,73.61717273471506,5.656858058612437,2.0261145269968863,2.883707137411177,1
8.00151958126862,71.84624371683879,4.99514724952762,0.0,2.645936737093858,1
6.7004434842269855,69.33765068100774,9.004986036638474,4.862019384260154,8.12470901874646,1
4.302695731184282,100.0,9.322958942536054,4.347894416825623,6.777975498367287,1
4.301484591363143,93.31339061988403,7.480324866923244,2.763649915799662,8.461035903655917,0
4.356729897565235,99.20367502144262,8.831942418527722,0.7616538869682703,6.079901801510205,1
9.153495967121682,67.77104980444436,7.200937570870353,5.259479028817476,4.140017182770322,1
5.763870904463107,80.71253749910892,6.857332528448851,3.468159851608896,7.6466818449798755,1
5.8600832943821395,67.06492374795904,6.500443571419358,5.113749444736291,4.933863997276465,1
7.060566908063684,73.04305122802936,6.534413512933652,7.728097060823517,5.441683540580705,0
5.477578318053027,70.81873016583425,4.678297665536453,0.0,4.914351241848962,1
4.481915708358594,92.39584006441561,7.396382145411009,2.600798382595272,0.0,1
4.607300301830043,76.0377032189824,6.939499134678934,3.5812487733761733,8.209470024589706,1
4.856797481171872,90.68379333694017,8.118041086116813,6.909652348293301,5.982007891915507,0
4.925555526980316,86.04120889588518,7.140285244657915,0.7271939615870302,5.65964612173702,1
6.4552590872739595,100.0,6.755944447646362,7.871722051361209,4.8764478754588785,0
5.103891771614599,65.20555776860276,5.693210454988554,4.271711803132581,5.326855640772262,1
6.465280154431158,92.59233239786799,7.108229855232642,3.8079986765322835,3.8054421283075044,1
4.838566839782835,91.46440870400727,8.107355846224243,3.603880473562187,6.233158704614542,1
5.157270380632181,70.26621161972966,5.284991513374209,3.1274739356399426,2.385803311201735,1
1.0035986309357847,90.0713333647316,7.1312106305211085,6.096233518538309,5.372136864941094,0
6.832655349404963,83.36144963026229,7.349564427294226,1.8629584918351223,6.123146941142209,1
5.692976951795986,77.72523740046593,5.922902824572604,4.690828363287707,4.602661732354194,1
6.996020219719305,71.76064513028001,6.118215542638,3.2316366685860487,5.74173558494205,1
0.0,72.80890548550813,7.345916273149322,2.4757331029718044,3.0173312155314997,0
9.176749409561456,100.0,5.299868472561066,9.17195035136779,3.0683464582080715,1
4.720820743689653,80.00682818957483,7.524885572874089,4.83810146950692,5.473434242052786,1
7.216365633475033,87.82130001531459,5.6569684395112,5.226531089322288,6.357099309242104,1
2.9201881457489383,72.09100618332447,8.594280539549825,6.275553561337325,1.2502686889965782,1
6.225547810125139,72.2014705377836,10.50674161808245,1.1573001093629056,6.044041270221533,1
2.8931688736526877,90.81984809249943,5.708864797447271,7.504583818244063,3.913596999247326,0
3.7524620786083895,66.50423788448468,7.801311793562012,0.0,4.614387825385175,1
8.828062707733572,75.84786232094729,5.909887142676971,2.462467179922959,2.3209641528699256,1
4.6186351984733065,80.34027411072232,8.561431260696684,3.0819366536421993,3.2967655196265837,1
5.434865746359446,81.11372601840053,5.102112386372177,5.163446729941012,6.932250651060622,0
6.740135461377508,78.20906714983843,7.7208801376415686,4.437436532282976,5.065726747960427,1
5.991363775945209,83.95819781095923,5.690516549665971,3.6663705186032134,4.234443196580883,1
5.3008378102871525,86.92855755817811,6.689523116352447,3.976005310744552,4.76702329473793,1
5.729922004932451,87.3463754545933,5.453462087279039,2.0439539529548636,5.978423649328603,1
9.80683117047655,70.14196191332174,8.233525706343631,1.0055352110316536,5.880988992326675,1
4.884762405932829,77.15844902071203,5.74452946834062,5.453023244672121,4.8499459992063985,0
5.402198093429935,91.94762861876937,7.827946388997741,5.387412225072371,7.185918221793337,0
7.1013087920152245,88.94647187573872,6.4838529576065005,7.168988750314117,6.940925273813332,0
7.211051865915968,66.27140548518936,6.828291442301706,2.419965806369584,5.8267440582607914,1
7.37406061112076,83.51479900352201,7.221633861100193,5.385630420601846,5.109223565820141,1
6.277460444058369,60.2177475062519,5.8572629925117266,3.4325865432705367,6.314642190239078,1
2.713990174539033,80.4693490206037,7.31555067031133,6.380949970386965,5.628534843602367,0
8.266863064602191,98.97767016745976,9.295501846531616,6.043925553356283,7.121600143611895,1
2.707309213962624,70.52107282731014,5.832857821250928,4.422418798448914,6.799122753476615,0
5.605270930478066,71.65676954508417,8.757715214910768,3.320939686668027,2.963492197164543,1
3.4914482999612844,87.6402978157286,9.247146450231677,5.921864357216522,2.8280736585165873,1
4.871723306814015,64.57198484790354,5.775767516457934,5.2938090465131316,3.5975009111918475,1
5.657524820606961,73.67244970114962,4.817418092364172,2.631119195827635,6.952277380133842,0
5.642714430900546,85.96441137581752,7.452941350257647,1.3444026530411382,1.8473820064575088,1
5.84384150847057,73.65714152310596,6.17888871584969,3.4229341986364075,5.789514778215986,1
8.227422538117294,77.64030012789028,9.802904828744504,7.030827630696418,5.7250861821859225,1
5.90706860302796,87.44185710315034,7.052211310749748,6.292974317466077,7.325296117372385,1
4.511686729418702,84.21546083536562,5.796700887947232,1.7753450606588386,5.360677381327775,0
6.928174336576714,82.66818396295402,5.279260733482433,1.6644851682001578,2.3135812188321987,1
7.378940977849281,76.60877720729961,8.634857438636246,6.549367699358973,3.0812900787037543,1
2.544784369726015,83.70061115268956,6.14322403887372,1.728728190484342,2.6360089562043507,0
6.194800139699716,78.76267319900244,7.065743199190642,5.018590647284016,3.924112067333719,1
6.402345484621796,84.57805609925785,8.433704117668722,2.7678575693273526,4.634196865152147,1
4.404872993280016,75.03067974882022,6.273612472103755,7.2340898490433645,2.669116947557886,0
7.751413626623239,78.17431025620459,6.931106756889759,2.4591504017242425,7.941323981304579,1
4.699888825934947,70.10042207447987,6.97514738526622,6.286723060411656,2.349437256095118,0
5.2511529069430845,79.64992389993765,8.024986767274138,4.3697173081207294,7.692206847724961,0
4.65385635143226,71.88999136371154,7.886116503265489,4.504389708468573,7.37032606287868,1
5.031158095162935,68.85953549838007,6.669829403117757,0.059382837297198066,6.796605099378071,1
2.8074498262095964,82.58661147855388,7.095473592244777,0.0,3.6124667850064993,1
2.1198982348114113,82.1273977585766,6.442331482714767,3.558868119465372,5.684901758353803,0
8.189010126449944,87.82873734948572,4.783581389620833,4.493812126833223,2.445257732898764,1
3.3060773033633444,75.68874430424901,7.386401286097194,1.7496043445245535,6.821814070067498,1
3.0172153010873854,84.08052846836756,9.838287641249602,1.8226131790473157,4.852030436927462,1
0.6932197727925704,85.50797572273663,5.674421288963406,5.1229452596522655,4.181359570826629,0
3.7220765046209956,84.44773807831595,5.8404554355959455,5.125708960914261,2.5525103066874615,1
2.3538204131850033,71.74346317197858,5.693908342534388,3.724517879224146,0.044987762741966364,0
8.284030320272738,81.49363482271188,8.086887668084684,5.5604034423721505,2.922918285928488,1
7.019634178685268,83.64140296054661,7.67272818129466,1.6515954085597069,7.225596391225813,1
3.6236993096445524,80.07178466907942,6.762193461375315,3.2881301658260584,4.194333143050392,1
9.504871610688618,59.13522341628915,5.622971407541552,7.2957552115673465,4.661342285769905,1
6.963530973983189,81.6048962397348,7.1385651874598866,4.136644259879635,6.311108716576905,1
4.350337232982755,100.0,4.653066808996293,4.252625029173998,8.61133775623253,0
0.0011885702528537934,76.39960731243018,7.21513985028624,8.61189317193548,7.650009309891278,0
9.581885145181484,72.7192290214468,8.307286579131901,1.2013156683024584,3.055329992367624,1
2.220855066472808,83.73348559711398,5.123201295049483,5.592860733284221,1.1148588571251872,0
1.7092025060862164,83.12378210466572,4.701222584755504,7.3279725596161995,9.719228518200207,0
7.045140864019281,91.92735165416414,9.369156837542288,3.350284147002908,9.537983223318907,1
9.879504812678546,67.42131844091112,6.082360540743123,5.719261573709693,5.376907192858566,1
7.768545637021036,87.31380252574992,8.703921768915732,2.0359610055781907,2.459023508836357,1
6.12781824010472,85.90422061251464,6.769003502203253,2.626535208865297,6.926453067787879,1
6.189508683330572,78.57853463059453,6.757067774588009,4.769932832095269,4.78403262797478,1
6.706831117560616,83.3868731792169,7.657619049244968,5.59713334622118,4.774037753786779,1
6.5178571795735305,90.29457481598357,5.6740017148803386,6.241873024812492,6.788917686210258,1
5.562382847938752,88.7231538002845,7.198745715243469,7.1392571738789865,5.668749493746597,1
5.208402207903752,68.56980687926271,6.427765877763861,3.8651068828896356,2.6283701779701096,1
4.874813744200956,88.20158186755485,5.019259834892453,6.387223510345176,4.350516129836052,0
3.4920708222666477,79.35311394967482,7.506223112089598,3.315390313101702,6.322305857322693,0
4.438649846266452,80.72874098015515,6.605038289683126,5.804182623176536,6.020504444810037,1
1.614086371609229,80.73196991001694,6.764462757332939,4.4149775957043635,5.524033148716952,0
4.8033207464105,78.4975701120174,5.184758584878763,4.891355814163848,6.866845908951729,0
3.022817785698165,91.91707497107065,9.387100551644206,4.8470157480440745,4.27656602436547,1
2.792821365568458,79.16282040150789,8.315071279579174,0.7905899804043757,5.3573395504381445,1
5.359788302306957,68.80453871616831,8.446233826257968,1.7517562822784534,0.0,1
7.784004572689199,76.06470144030271,6.541832946337477,4.205082879635045,4.100699612314372,1
6.836633212004626,81.78694716810476,4.40622566574487,0.625441840717663,6.527805817151289,1
1.858998792753646,92.29214784297051,9.929376073734266,5.662422206399512,4.219211065765715,1
3.020743726859325,86.03094684948833,6.908353737991198,5.743111932576284,4.067545216565776,0
6.881542375976432,71.49464721252956,5.876800305969919,4.654341105755581,2.917094096450363,1
3.035025212923381,100.0,7.6252023617246705,1.7577319744841557,7.006731785458291,1
4.550733700005951,82.6477531097798,8.750681182004946,6.76027787773703,6.096926547081141,1
6.100104198049104,92.75390737999015,6.9654241658718,8.074421279436717,6.650829195646169,0
3.0633110902727294,78.48285566422771,8.917862751909063,4.294153654891948,1.5475720760842209,1
5.21075101229192,85.3335924470545,8.624499907775302,5.021070756902473,4.6790999134687326,1
2.331949010163591,88.39468504518405,5.385428218896912,4.403477309592088,4.439777984499988,0
3.7972647120975727,92.18194711754256,5.989314841510785,5.060738377997598,4.438856586802895,1
5.639563868285074,90.57368305378225,8.43630574491965,3.760882486747208,3.7679449125640883,1
1.8140125329366614,88.72197000072978,2.9310811542843433,3.9308715203123934,4.307791456439969,0
5.880949475920798,76.84913268805892,6.775816460252517,5.8114352009947305,6.699289565413304,1
4.960724402146638,74.28253958043939,4.853753197562993,8.69124832379288,1.1742972933043414,0
6.104979908834295,83.32607510324198,6.285169297849713,1.1998575311965225,8.554589536060908,1
5.447828268129323,89.33128072341069,6.551769866456194,3.7923750311940663,5.967682250052923,1
7.728280859947688,77.77279299223393,6.462633433138738,1.6390790295358357,4.915336208679575,1
5.250449005295814,90.65171965714387,6.171608121831087,7.184049797152166,6.813668292745852,0
4.141188917749494,94.52616745486179,5.354284525556778,2.8245240613602034,2.09633050966313,1
5.244595006064568,70.8367908092658,10.437866900228029,1.113598412428412,3.670598189697972,1
6.086596058072776,71.6307929620372,9.801193006242027,5.276373997697147,4.757849135218892,1
5.0977201406514085,78.59624941094664,5.256901269615575,7.488622229486222,7.731120740864355,0
5.081183382407764,83.07612668189196,9.373175126955351,5.327195737121525,4.907006837746884,1
3.5960166243864893,74.75432986232948,6.400801764290721,4.409595754563835,5.900109342370293,0
3.6741981648981037,93.52202678867144,7.1937812099975655,4.818281845551988,3.8208420081277445,1
2.194789456400613,84.24066861518452,6.905089060154626,6.8296813256511095,5.973684137934982,0
8.499153486373878,80.3944704824074,6.010377038119051,2.2516014599717002,8.354479185948914,1
2.51227352921743,65.64090476131473,8.47577851540922,3.776305791827374,6.991053383348229,0
3.6141896044081854,66.84184183572492,7.1888297958649865,3.0946197029809333,4.837088024444241,0
3.5631854688616054,82.81009250281807,6.285172865171138,1.6642693854165795,6.350981694530939,1
6.789848753888883,58.67404373845164,5.043115834299291,3.3432494811663953,6.155033909214423,1
4.410100643415944,90.12637409644071,5.65960747942132,6.215442191964897,6.013175343394551,0
7.495484145347468,78.4184615562768,4.537929826596855,5.1332042967854505,7.223906721720818,0
3.653018751512263,100.0,7.018335322622754,5.288621000216401,7.208955407674933,1
5.557988324447604,100.0,5.205001611573406,4.292951223306637,4.745682806250231,1
3.3293058934804853,78.18550930752484,6.601659231222188,5.046647565457177,6.283758122955538,0
9.290298255546777,78.93662997468685,9.055152780415556,2.398819315303789,4.233810157680413,1
2.6248031619409744,89.95581514002029,8.798949359382378,3.3809802281455417,3.153855207368845,1
5.619641420454055,97.03172609918037,6.951584658846073,4.384008473937353,4.4610124885920275,1
6.267553761864197,63.61970942563983,6.869372910785275,4.5550317177637805,4.847443696520835,1
5.827598194902997,62.13624534645314,9.819811824131513,4.640375709843746,1.676838021644016,1
4.629424682244584,73.77965194445619,7.781134180538067,3.723329435967244,6.720665118833441,1
4.740358600533147,85.82737583173865,6.508290310185216,3.2451531977393406,0.0,1
5.087622943958219,84.96873590507597,4.860972824319322,10.315542566088595,10.0,0
4.705995996743023,90.69771454983851,7.5908098272471145,5.813574545864798,8.003758267592637,0
6.927758233589819,68.00302471634691,8.243985658874294,4.826294951905245,4.477982551655373,1
9.421046003182703,56.83856137031123,6.052522713229534,3.533583003587212,5.018852721127547,1
3.885016429984333,88.58014195302145,7.436804132707048,3.097562346112247,5.605943747174567,1
2.2603940408418444,71.71803727034765,6.454640057627456,3.7383988125460887,3.821679224022116,0
4.82343590329749,59.81512135611362,6.723951401201496,4.5856576871733665,5.385238295173873,1
10.159418675308636,81.45063745959382,3.268266913656503,0.23912891187383734,4.712000044596678,1
3.3926508640605384,87.93175688218678,6.667327894425797,0.8612208092506326,4.811454565538068,1
8.278233610888135,78.77942867878723,8.454053953612082,2.726235222122085,5.362922126961277,1
8.355401628152881,75.42151613817511,6.052896166650163,4.414278873557137,2.3729444032920113,1
3.892823516584011,78.40637767854093,7.0787895523229745,3.521453705696297,5.079139448267297,1
6.137966158370551,76.29417237599218,5.866073939962119,6.9562424521989685,5.326895493234955,0
8.256793246257075,66.51952888059833,7.540662514439159,1.0352064260084624,5.257699242711829,1
4.241744518025026,72.85319323009568,6.67521520369574,2.4973090607932593,4.568338489127691,1
4.592839279795276,85.21279905013814,5.59113768897699,7.0401834819822025,7.2757155519387435,0
3.8366381721027123,83.216785413765,8.998827201497692,4.2622386493502935,4.2926948902368975,1
2.9704865386142663,81.6805980596682,8.393398020298322,5.769685165602317,5.454651813646381,0
3.701444909867986,70.0485151814662,6.092639854107738,8.102493886538927,7.594595067851092,0
2.552119466475487,78.18496837864333,7.746682464126666,2.612391164196355,4.841247719959376,0
5.068166936518452,58.22934953557145,7.806118004230571,3.801371324415936,5.428926534935103,0
3.4600535378827164,81.7847666388539,7.963451852516764,3.455146198138257,4.8072307273702055,1
5.467571823581496,94.28857707813567,4.458616156007383,0.0908139910334489,7.474739587127198,1
1.8882087075927454,65.25867867957894,8.509909811548942,3.379206392488062,4.484550876827409,0
5.661760464428914,74.14072326682245,6.145451555611403,5.762124374761331,7.566709154576412,0
6.6670579232178495,83.2910677871013,6.463258099838099,5.081179083624482,4.792824210705871,1
1.0125287148570892,92.52842634427483,10.9568226283903,5.23816633877602,3.2810805531039664,0
5.748113139695144,75.51775383699851,7.452810071081518,3.248982038721001,6.358746341148242,1
7.455337984946585,73.07749670734104,6.420516286829237,2.687805527988717,4.390664332488688,1
2.580717962617589,60.31076857583917,3.692058440866141,6.538511343797241,6.241001798198326,0
8.345144773675408,81.03438129308107,9.084646200919533,3.005365707284661,0.0,1
5.838038018732091,100.0,4.982185493787096,4.588164077586428,5.010410523789893,1
3.5899762884831823,82.77358461964675,5.494841644750744,4.326669361355077,4.080789402485039,1
4.8884618446845876,79.77721020816287,6.502971551368226,6.923434032514237,2.873482626937444,0
6.116653825043445,83.22082310766986,9.124617687550439,5.942824715344719,3.8935179963204014,1
5.152010782824823,79.88907996051398,8.15985997999864,1.4094827586657583,3.8525937114146966,1
6.077511984892738,71.8698562773987,6.76324373523961,1.6248936664499198,4.904028410298838,1
3.1586528138412673,88.23279915677705,7.462438095458231,5.157819636138268,2.2653470774300883,1
5.3387216480721555,82.25761523111754,6.099421460693342,3.871324705241667,5.632547560519427,1
2.1725710061900396,80.17613251933658,7.209480534348026,3.089656432092472,7.7324295704115755,0
4.7775478773026,70.2463397272175,7.110005117167205,6.031255767988942,5.561856993895653,0
3.1921847170704205,93.03507931934759,8.45315484352203,4.3749187641778216,6.617977218458018,0
3.528940114820467,86.6470274533311,8.450767183658424,4.104914773778888,7.189124909227591,0
7.472186350420875,74.47079162632699,7.740966073308467,5.559657281510099,7.472979024368353,1
7.182620241188538,90.01824853681937,6.456478663680847,3.249782010112871,8.74027738564261,1
6.218276241814354,75.02429161614793,8.11273344158519,7.137037970945109,4.00159600344814,0
2.815374470654842,72.17996507488964,6.86204730069543,2.423904753533984,3.563032029677767,1
4.367183100610396,72.40296882519714,5.377128446930301,5.313858132684176,6.56693129664947,0
7.426195399958367,62.28931446911909,6.395068312133592,6.867665677319689,6.4165324393148,1
5.28343382727981,84.71542380418205,7.126790475676486,1.2454090214558002,6.5513505992313785,1
9.63865907996339,61.6885512166165,8.365323675497118,3.3133296482951016,8.778564908500504,1
5.786635678788744,67.71556168734237,6.72470774176427,6.284414785771116,5.022739817596988,0
5.3840982329800635,59.24411990921467,5.186201933140591,6.314489095462051,5.852313119292369,0
4.3817670715949975,79.13930307209107,7.085112524945229,3.6570087992235214,3.03922349703305,1
5.267081809564565,78.49679539728128,7.170184060084829,2.530657812646281,9.270642247951915,1
4.695060327238912,76.73303786813636,7.27875644335413,5.911871644661525,4.326910157581778,0
6.416217353377181,69.57422305329423,8.379807273931645,6.3670982051632095,4.38356814367834,1
6.913404633589169,68.2776624656336,8.528384860134848,1.6706733029752106,4.306500217983515,1
3.4280210789841012,84.64369863546574,6.1086836914275,1.5921727020672396,3.7102082827113243,1
2.337534092884444,74.49448068291512,6.075784812926585,4.450513363967199,3.5411259023047013,0
1.3275892537934069,83.16358321536144,5.43970193356679,5.258721266857784,3.95259143422095,0
6.015982653825088,71.14751313875777,8.048223505420715,3.4018618295398904,2.2684081438981107,1
2.793266787652253,81.81062742771083,9.173230162506574,5.358587639964698,3.4293641594735234,1
0.6942188140950343,93.03278037316063,6.527377108136615,2.579726786325236,8.897926222895238,0
5.7771572090619285,85.86165800392783,6.63785415291251,0.0,6.471310287282737,1
9.985999034865582,75.8758618178352,9.200173835348464,3.152197855334808,6.851808353455436,1
4.987858176920214,82.57198970355927,7.758336779822511,4.126464293026203,7.35441757483383,1
6.676981548903283,77.59334825469787,7.654353557201583,3.448320080207087,8.66826912872478,1
5.16365871709513,80.07880184694729,5.213625241039409,1.6827934726810296,1.457154897112312,1
4.8022206936177145,76.74388947851496,8.018092103919129,0.3687020482423651,2.540233769426919,1
6.838152965975537,78.3566479411461,5.606295489235363,2.9718223912642046,3.3925526782106292,1
4.419450911622698,82.12093353074175,5.298969721097563,5.795311543299487,4.060540407020804,1
5.534784628143806,70.06641300418049,6.479842634849931,6.512394878827365,4.398861218829502,1
5.643395612392027,69.84121173010021,6.121310914826965,6.37542676827691,4.106044894387918,0
3.6638190927139025,66.1145744616879,6.667600458422441,2.368180929702894,5.4386178262641085,1
6.984084699073046,63.9972889549629,4.838527548212622,1.692587352739272,5.070590781490432,1
4.650080486609182,67.82717307779521,8.438224459701509,4.9932692299597905,3.5543304096435007,1
3.4885096810143104,81.5946250680413,8.691529441774644,5.270200023195851,0.6489024460248602,1
6.073019687140807,71.07212484508116,4.078986288788778,4.8003392104009945,3.0142625892426036,1
3.2030640364179255,85.13614464231097,8.467686708499825,0.0,3.9015226933748495,1
5.056362314738257,80.34713748752561,5.784207055267561,2.2662308302330665,4.505841126384561,1
4.981762006711593,60.31495786561946,8.28546330547418,3.9406224194280433,2.740665081378926,1
7.171791131663156,86.5497558422169,6.897330261000376,4.9744363892608545,4.0183870670071595,1
5.949396465759905,88.1079864559171,7.0431633461214975,5.534614725204974,2.7380252230288273,1
4.949946082509713,70.06137325165147,6.722353525868172,4.28850704456408,4.748361296903334,1
6.635532598400574,84.20191542894992,8.81819380635023,4.661567613076472,2.8538173432747693,1
7.780415098034627,71.43501762590802,5.140617981212458,4.169730916722209,3.302190687259071,1
6.115620612703724,80.97670376748336,7.911760508102513,5.371238748436966,2.382631738021722,1
5.0207052396867615,67.35501593045035,8.651995247334325,4.625731302981822,4.6929986088604325,1
2.376327535299681,62.06893547465423,8.074510120810617,4.131475320094575,3.2671044600952035,0
2.869772673849255,76.17182810387031,10.487048371485127,3.4632624017252382,6.813568533350859,1
4.389550591290664,78.76271053725164,6.206579855912952,4.162582850084962,5.811700533385798,0
3.7809755956814337,76.02320306385396,8.435957233890298,4.969182757678549,4.860296263632714,1
4.626057394029108,68.1596944177744,6.840864046987869,4.534950777796123,3.405029005312423,1
5.113299849794214,76.00100937868864,8.850109114529005,4.761652836690508,5.761040610632605,1
6.059385508713461,82.69294752580734,6.988466506417946,6.685443722702371,6.381401778697274,1
4.859002443881818,79.55106969877463,6.418186327206295,4.530327845493175,5.285376824403261,1
5.9730032876524035,81.82501030599214,8.959108305807444,2.7020029590536847,8.20740371093386,1
5.12894882962024,73.29884799545768,6.262657091471605,5.7672135719883375,5.919274636149632,1
1.0490668672922574,91.7171791471616,4.880911361649166,1.267603324662165,6.827214435136068,0
3.1213292123624914,68.23826663445219,6.224729675239257,1.8371732385214257,5.267130831071956,1
4.7118248885567695,84.87560297086719,7.928549419882799,4.671694529440138,6.351328906513953,1
2.580610514317785,91.81891092959961,9.088058127380638,5.032793335573158,3.4064375346616496,1
6.199857459992409,84.80908092748895,7.166694062944768,1.50989755299201,4.083203273574412,1
8.061501664687395,77.9747577293517,8.977295600851038,3.2343650380265,5.69872710696476,1
7.437523703394634,74.71702953337021,4.96273761778361,2.7878323355606827,5.684198963114763,1
4.573114258139584,90.36087651046256,6.335104802773145,3.0266473542368066,6.015223645886495,1
7.9814522736999045,65.77025074738327,6.567137324268848,5.887195552545892,7.200785784557459,1
5.297334914404223,70.29875739620357,6.828160858791221,5.413010927094506,2.150057656369176,1
4.325828057763921,76.02442234508278,7.126141582375295,3.961755640292585,3.051094904779408,1
3.7731946729181205,92.37653757511998,8.03636643608829,2.9080761457701443,5.459145282148507,1
4.395060627023743,83.79767636040896,6.332789742744264,1.3007006595597188,3.5512727363930785,1
4.223646362917543,70.31954241489754,7.208543030429689,6.840369877563898,10.0,0
5.340832444750975,76.89692294615097,6.932315664513922,5.184227800569837,6.031439238340272,1
5.3211479620997295,73.85676855903705,5.611165144163275,2.586661791853719,4.843338302139686,1
5.006092040306829,72.90211007766464,6.829499966377847,5.439198995249783,3.969061453832282,1
5.8738763394927,89.78889558556779,6.7845107051543225,3.8595527588507488,4.039675433613911,1
7.381292549572683,66.28256870736494,6.752379152495431,3.4257809902753142,5.060281322630355,1
6.899108270882648,96.08780855734373,7.047639184872176,4.870423056579205,5.223963865242515,1
2.030204063100193,88.28229690184622,7.113510310920079,2.51700350017455,4.086601710612974,0
0.0,90.90861670603698,6.3515572313390045,3.31248696097978,4.453695506960196,0
6.868639822478547,75.37060487974742,8.909072100956898,4.242922128399091,7.688569150469193,1
2.266242603169158,78.50059280920891,5.245779056195476,3.001097614229573,7.769009925302068,0
4.550469196214633,65.66848185475288,5.918544837295156,5.338170420535048,5.504067959869754,1
2.659773947881281,74.75337592933197,11.169945436335334,7.738133007356522,2.3174805455265246,0
1.3960391248399606,84.93654847643151,5.443012967516156,2.4914037347857145,6.077006313278087,0
6.082925456409576,92.96063061781396,4.969367987935362,0.6697494073919112,8.108564883222051,1
6.518310320605294,68.92843183197549,8.101715117501827,0.0,7.739562203924757,1
3.846979198546561,76.34494063014733,3.8843202193391893,3.6990637170100356,6.468851705619334,0
0.0,78.48700779767478,6.647089135041342,2.6736708197476347,7.844845910571643,0
3.9075111034950343,66.04210797807515,10.218737387614732,4.415721002134161,5.106768544958044,1
5.783608010805093,85.913492417584,4.682596116769899,4.265195344052202,6.25620593966741,1
2.0421768624517425,72.7600966825739,4.02705327139193,0.7935663067718077,3.6384488673496396,0
5.3667198395583116,78.04609648822976,4.751228197063453,0.37023234103718794,5.584530912311425,1
4.969380301654009,75.48050628088123,8.347539352520478,4.5918664806921905,7.659068487941049,1
6.158582999202177,72.10661494280326,8.687165079978719,4.270857669439914,3.821153177026218,1
5.239160736828307,79.92955014519445,6.2311168045322365,3.1483640032668974,3.2771131410714274,1
3.0538621182368892,77.84390421431978,8.024818606001602,0.6857128297353907,5.194977878047394,1
7.393143003328983,76.28142117721335,9.085382991267984,4.9427825255299815,4.546675592552001,1
4.68294085394606,72.71538378319657,9.681019621644738,6.543799090847887,6.298295442140841,1
4.945390920980136,83.19524670782955,6.630497078230228,4.555964880437845,4.093480948105915,1
3.133464081853608,96.53617268492285,3.5477924234950198,2.3050522188698706,8.436879231205427,0
4.11343549761698,81.39887232839128,5.76868161638547,4.089104331142303,2.4206478040778885,1
3.2303945719461984,89.9611821491113,6.359793707597113,1.2677718381326302,7.507469572439469,1
4.654107880153154,66.09778074846537,6.611591805132414,6.115921427677585,3.470301543383794,0
8.423416960284687,81.57761439293769,6.71821089848692,4.163688669059078,1.4080345308319533,1
2.2561977141372873,69.02631681028933,8.678341896896004,0.4636861764935363,5.475750312697735,1
1.7728772042465177,65.23075072468099,8.911642640031372,3.398651279112635,4.490784027972233,0
7.942340654987217,72.60628592540964,6.742489519112825,4.926603020468462,2.7807812641939385,1
4.581352645696268,91.91899334413573,8.647727314077727,3.333904758048955,1.637246216569472,1
3.6618545226801666,89.50015828669646,7.536492049946634,3.4482085571196524,4.983278425457087,0
7.079809374792153,82.430047220544,7.096758959293858,1.5511955859054565,6.951673783247635,1
3.788768920526272,64.6729944011007,8.359816235664946,5.1330819741633125,6.169906986172888,0
8.652019427093872,78.03719348612063,7.1083780723568735,2.703061599961725,5.113413297678531,1
6.355851742678539,83.01700008901736,10.086716765646644,0.0,5.95769514643547,1
4.024177183708595,81.75536229578599,4.842383249808162,3.2574852586592122,4.945571735244286,0
9.314616426531007,61.56206416519254,6.227243651361974,5.962299431140706,2.1405515139392577,1
3.788570153993323,71.09682151980128,6.810221654569075,3.2261411068001054,2.1582120295531135,1
6.484190744018614,79.35922235851284,7.659179035686986,7.475969970247041,4.593662942030642,1
5.598585160812984,85.3629090951719,8.901940730654633,4.857935897097034,4.678693427267851,1
7.603482578797596,58.03872178900053,6.963402149145765,4.677516324560732,6.70196535701353,1
8.123022393453706,78.37876024520142,4.866655525740689,3.7432034681647823,6.514608447549494,1
5.064008298131533,81.43048769878952,8.263770844682506,3.8634275844714185,6.210266031517898,1
3.4931642593076333,88.49611988516213,8.132438149212946,3.473152729760992,4.439434573845639,1
5.919944285878233,86.92857584237437,4.087212010930891,3.3954612158349473,2.238695659779721,1
3.6445692604957878,85.82571318808806,6.994293799493801,5.061734324134298,5.824142274132048,1
9.026774495053246,72.00059493298066,4.614787253979554,2.128337540418869,6.050338626524336,1
5.273070662165475,60.91997862876693,6.003023353746906,1.8482123425514807,0.22293707504462823,1
4.269356897375783,76.069472429386,5.645786609555801,1.7536098982492447,3.3313236268346746,1
5.3693606117298165,90.0163182520856,8.213897047362979,8.091309095354308,3.617891245212208,1
2.305747420940607,93.93454527524432,7.175245261258276,5.06068580334116,5.236700402246872,0
3.056771922978697,87.10549102297786,5.0716134988659585,4.60898440336029,3.393279134468612,0
7.400827815888851,84.29340822801734,8.320098944436014,1.884970659413137,4.92373086235072,1
3.6862114420572087,83.79639648385965,4.849291264107379,5.246684601349657,4.578930119294016,0
2.906178034636121,74.43881253239219,7.495170685706415,3.7668573070933427,4.6817010569245445,0
6.073305505054572,78.6993970644638,5.778983996062666,4.4283378822635,3.5672114125985077,1
7.371408309325994,96.6906952582633,6.45148437620422,2.046759368272888,3.7220298918666446,1
6.437906621330134,70.57441994208124,7.756406122057576,4.320537714835154,2.8394658804386146,1
6.992095371611633,96.14778790709852,7.7821740985892935,3.152332923587034,5.760134881147664,1
3.4864098228610785,76.77971845507942,9.00545361033394,2.4687776859396244,6.142205257182736,0
2.1563786665163125,93.25432109095078,6.876619450492821,5.468212671614498,3.458764099749322,0
8.002667303910973,65.93184990502462,7.459676294445011,0.9245843829399951,8.041280192034089,1
4.354640322315729,85.8590420116465,6.343394016393513,5.129552528628301,4.370797105115902,0
4.498333967089906,72.63229864052379,7.2729848239341965,5.368972267105992,8.060371247593121,1
7.656388283698115,65.84732808075813,7.659229072012767,2.2407126488975186,3.7157456523367935,1
6.11246001880132,82.18534042410946,6.852535228818436,2.3593430777350655,0.946844446801129,1
5.911775544163215,90.09471788595968,4.294374273861256,3.5539486374671956,5.804395649824703,1
9.330004689802168,71.55058561406504,7.497206344496343,4.564072420924441,5.497090210237975,1
3.712963539239714,65.00984039541599,7.546842216033186,3.694290016371549,5.068787590615166,1
6.855680256162474,79.08155235665045,5.979739785478074,4.867124920383759,3.7155350431120215,1
5.114026249794169,79.12564671222819,5.073419445891229,7.525959305074798,4.930855549028362,0
5.537184557726514,85.48319627554498,9.213818725755948,2.984566461700572,3.9774810842609454,1
8.056936852825064,89.49594571364489,7.7371682663416035,0.5696400585931589,4.395300867336498,1
6.015671512579248,79.40584818727505,6.656378453617435,5.651847166061306,6.68326451153015,1
6.076592158099266,98.55503314794262,5.294450675278769,7.36662915185506,5.368434459060187,1
7.145014674619604,82.24234744535292,5.767277757367982,4.785536726102249,6.219902774663955,1
4.270094540914229,76.535734939931,8.953885595179347,1.824502649292664,4.5362629867484205,1
3.3215806653219873,63.88432640897172,7.206492911302069,3.752215273529598,4.3159653083904495,1
2.910381611957933,77.37340479683833,6.17411939949894,1.7629530315767354,2.693034938222713,1
1.0672868212479965,76.63613054588863,7.764533846836985,5.285710987925896,4.259926774863606,0
9.112414259880644,89.6030479628147,5.778402718830515,1.297419194603131,0.0,1
2.7935832685566337,84.62483624066854,9.251264545420568,3.3997424263436002,3.8195560673887305,0
4.557492752828456,68.20630878367383,9.029200802345088,1.9913243474121871,4.836251645618322,1
4.446373400222159,81.72254386411038,6.300138893195835,4.253649370269923,6.127347308540312,0
5.614813395618201,86.71531171729053,6.056994629453709,3.2673166457244847,4.462644244950086,1
6.6314744250785935,95.28031359387833,3.0728002019615803,4.353524206500528,5.695347084489999,0
6.720946976719491,88.8750396741406,4.777628842672948,4.044701109932731,0.640422677219509,1
3.8338451228621233,87.60846654311477,4.990795337563366,2.026681944551779,4.886326295586101,1
4.665756572427177,80.60085994615163,7.202785511481078,5.253754127058044,1.6409944141731931,1
5.5651599009765995,83.8831200542345,6.510649443337961,3.9024686963137696,2.5833929686813346,1
4.502617747632906,92.49504900706158,4.981996768877138,2.022941984268199,4.6256689042722785,1
8.214691152039986,66.6722260252035,6.578253936303164,8.481853112411585,7.552527975747109,0
5.981949903276503,76.50560672783044,7.758005721471022,4.952860333434249,5.742413526940117,1
6.4697555720996345,72.27431251243759,7.791759024873381,3.693478893201389,5.036461994274235,1
6.325762537334826,83.79153118726124,4.150494578711678,6.830409053403647,4.960939221065796,1
7.34694771497065,92.30222175650788,6.807604779274254,7.683631218773215,3.5727422135910656,1
5.3620431174074135,74.03025713278926,4.924988834542584,3.7093011553722297,3.912033173254633,0
2.406336104088307,56.09695632530562,8.35259304571041,4.6947949728695235,5.854752090941594,0
5.799375903505283,75.8777925497553,8.176219624530248,2.0239943639941185,2.2292789631110113,1
3.697286212416342,89.13473732017407,5.652959160513312,3.705614498463977,6.1861081005660425,0
3.9427666365004863,85.3762990294988,5.8509321963994,3.6018748924802604,4.222985865762294,1
6.172728037510186,84.28186247810577,6.308099424252539,4.369654067243308,6.651114149739131,1
7.476566142867272,77.2000669812552,3.6208099079029914,4.665520957274021,6.922186914464167,1
5.042543153472123,67.20969263780214,7.503952260160865,5.11965689765612,1.65383197498852,1
5.617666025197927,85.15294321624468,6.590733180489804,4.475285312599918,3.836838473545564,1
8.404429889270476,71.65718189965375,8.45526262385179,1.578514746741671,3.2889446241187525,1
5.4815063589771365,100.0,5.352386173056171,2.12306578851783,1.3745440698537141,1
10.203366228360789,85.70507208354516,6.071315577625103,2.907184761072654,2.934933447581179,1
6.1310192912630885,74.1935169744605,4.740212112941327,3.435518816153542,9.88251169053068,0
1.4784744816883646,73.88614752611372,5.49356415475862,6.101548580944227,6.219019792424881,0
6.506683242209065,79.07055793386412,5.227027005897671,1.674122026294174,8.834575937211508,1
5.7623167697655555,77.60498077978251,8.493960518269668,3.2851699036586,6.658196880036671,1
7.579505508165491,91.16833775529955,5.952607226872912,5.9060189964281,3.516313677983049,1
6.346362702539917,81.86416169744047,7.18626352711692,3.4002450510067757,4.236457606651914,1
4.723088032032452,72.68368261091472,6.428854894207293,4.9208312996856485,6.176872360480615,0
2.5514035274212685,98.90440685155782,5.09580210098078,3.720915914144193,5.875012406946072,0
4.58195348542795,80.49308331520223,6.747549365242536,4.513566514649446,3.8453159685833325,1
3.2989590915813998,87.68839675968897,7.898654997795392,3.543054912380919,1.9800136588415862,1
3.8389531003905546,73.91773492555241,5.188360911184971,5.3341309454567085,10.0,0
6.177156808841219,83.63115627744523,8.213669186097068,0.9098871851871295,4.717700655314388,1
8.339809008702812,83.11109991143195,5.725418617783456,3.27337598322291,4.3485222136347605,1
5.7893430596459625,61.10350707903847,6.275524110890739,4.593145353388616,5.2266689278106035,1
2.6082338759296313,100.0,7.796024684515071,5.067390496012386,4.514542821377943,0
5.889205336440281,92.90644460922547,6.004845764170768,6.985905245507656,5.245457815410967,0
7.393262973291302,76.02804683854012,7.056362289003799,3.2179506662688473,7.573894572232838,1
3.780434191361236,68.97730259544144,6.5279637568178615,6.958963523721746,4.750903040627152,0
4.7319656666541645,83.47561613803552,7.194052010055728,2.681952346680659,2.674579121344477,1
5.0293763894583945,80.86697699414397,3.4288913417147544,6.657292823089287,4.676712411042778,0
3.43020337383552,83.55668948563229,4.255477277187875,5.634934253396745,4.071196437180179,0
6.2965608676877185,81.9157739619409,7.9239505090702576,2.1730828407355545,7.847797874493702,1
4.758103702784437,85.06240989305925,8.555772108473576,4.614078474503644,7.342238129475142,1
5.839064887814056,94.47305699391806,5.634269944702718,3.897528328935617,5.215050000861598,1
3.2250156443958,85.68103205128646,6.633957471743298,5.251169187350001,2.442528290361487,0
4.125083399353179,69.50344501090059,7.442078879353453,3.5534568231333807,2.5482154731201083,1
6.444762715655543,93.62562852712452,8.039826402488057,3.385507548676537,5.030246523169107,1
4.254333695816466,96.40614563488288,3.958484092493727,6.738189165525703,5.672645938642562,0
8.45392770246681,100.0,5.670939629532434,3.802558211088654,4.25075436134789,1
4.200727628770795,68.76505966760402,6.501130930225187,5.652844648383533,4.039660831585532,0
5.449369451503772,82.42882013150275,8.054710295854074,3.5492970299116005,3.814401533642706,1
6.8651816637461796,59.17901296811013,10.747645725582242,7.3333265184550465,4.953212079512108,1
2.1632685341339366,85.53149156379209,6.657991409785423,2.643330741329013,0.23447529585387006,1
1.4783823760384482,74.51799701833227,4.889533806844017,2.7717129375056304,2.7973467424605802,0
1.9486873708598105,99.23445794824953,7.603402115801947,7.049034362231806,3.745898309105299,0
7.525168206854364,72.25385029981418,8.981493684311065,3.110107218209494,7.415006389903841,1
3.8962837082151065,63.10816962032739,7.162021181469251,7.202148612328785,3.3723727161421415,0
10.116398571336504,75.2873625929748,5.640027182268561,5.7836811591896256,5.360936283662413,1
3.871504802685223,60.24512228782862,8.436990912220029,3.690700586878333,5.453085501861992,1
5.369102606394074,87.5109945450731,7.995318427747653,0.37341305596568297,7.595833011321524,1
8.08421990513575,59.349169537436794,5.460878733706563,3.9613633914563287,7.5251548139283,1
9.012185776318246,80.28457581183159,7.572138426301513,4.203260107066849,4.8849940624101675,1
9.123007153272795,59.22188180143803,8.495898351488309,6.3344354666087455,4.049030517621114,1
7.416732461186285,76.79702195463358,8.77283506383834,7.176894352480224,3.6723337943486194,1
7.048125051622925,96.43378155804534,6.900326537035816,2.6300256417125047,4.517873555068438,1
6.185053898402366,83.60647891435795,6.462880830731022,5.602363527976365,4.1319332913528,1
6.5567221523332755,71.36506395035066,8.840910733121895,5.530804312026699,6.107254818716464,1
3.897628567342933,79.68796511060916,5.184759245528673,6.14682540482089,5.840619634970409,0
3.363602233155386,80.18016872044447,7.657868936381508,4.997379824271089,6.183602382290031,1
4.993251085178096,84.72630345843406,4.944960058953356,0.11500461807646012,7.518567422872337,1
4.659630754950143,66.33141636719174,8.598064408389405,3.6891551349444804,8.725738242800354,1
4.093543901345449,85.92567273847331,6.612931726583258,1.6885848501661695,5.249326786815113,1
6.392774894913431,52.95608368397225,8.902874853471204,3.594788454163852,7.198927542791306,1
6.910610417141021,73.70115447636189,7.73711913453329,5.960008472267788,4.2966796323315695,1
5.176813772583695,75.11726157548455,5.165169654907105,4.610301671749945,7.370013967166031,0
7.955060162110524,86.33326826071239,9.136941598115865,6.2961817327948655,7.123018314351688,1
2.71662177173299,80.22630852676869,9.326867899641595,4.683507841427079,7.016831939885982,0
4.612681081440564,65.94436946143713,8.323429738898824,1.4033481206621947,5.1881396823830475,1
3.5663553587943904,70.15006874182984,5.85761820244567,0.0,3.6632836720182222,1
1.26692676585388,81.98680009547407,6.540979068463887,4.297617523359181,2.210943124269047,0
4.834638628314601,79.20932658135443,7.218140826108639,3.5721470672976694,4.919925584957801,1
4.756504983233433,74.20875890364253,5.94443440100285,2.0461085212362358,8.066025084498365,1
8.026899486484261,75.19166210488021,9.538519858694807,0.5987455006972442,4.380310197271854,1
6.2616233691095555,86.96167997159289,7.216489707589055,2.5305135730545816,6.570253170920109,1
2.95162635134159,74.82307427130786,2.9449779293389646,3.611017030270448,6.687902801037862,0
8.708185132668376,79.11908755970927,7.50903371913433,5.3317556474127805,4.432627558145654,1
7.442067391050706,100.0,6.47776390477403,4.37726216313596,7.632689675039039,1
6.164195406937232,65.76317363116077,6.887610165822328,7.216134494345457,0.0,1
4.547031802300336,61.481572684253415,6.44707095132145,1.9287918879092114,2.55449944252365,1
3.0811215265530407,87.83589664798606,8.21056962491003,5.762117784114867,3.1687354072830805,1
4.255586447857894,73.21356938705897,8.679531667830071,4.094597486257456,3.3605699542652205,1
7.177497239408372,76.8176247225738,7.424579743387981,5.389338248237169,5.672525902371791,1
8.769172611869218,72.18843621868886,6.491033219292762,3.126970273468913,5.580075606107804,1
8.086487056544378,77.40199859232487,6.9379941927862445,6.14336074778118,5.787981144350016,1
4.022301156427452,95.98538112096341,7.029399424866442,4.5904495166904855,6.192162988264974,1
2.7607651334219776,88.0212845861812,5.796354940202745,2.6411100301645014,3.0997908617087013,1
5.281772493822408,88.62223511886977,7.868392972856852,3.975951942173624,2.563647866385362,1
1.4631212688742967,65.83772944207354,7.6900634857906995,3.520888282125801,5.792639364015725,0
5.646335428369563,68.4884626344713,9.31066185966501,4.978356701275588,3.739535852707122,1
4.7047948274026625,51.60921340514573,8.883024670432713,1.6404465012509828,1.8590499092640589,1
4.067926996263515,71.90619178917245,5.971487623614805,3.941296595768611,6.9426885690829625,0
1.810593865466409,89.56703186385658,8.230447561763448,4.790614505298661,7.790203813004595,0
6.027200213139433,85.16946515748371,5.573569925358292,4.0660466143860665,8.114321779397319,1
3.9345983206761774,77.78486737047876,8.043898151411275,6.693882488777991,5.374015442949441,0
2.660166328579424,79.77699716281947,6.225078701859839,5.548045548142105,6.251864191945805,0
0.0,73.11114457424594,5.465120164936623,3.9850384065185067,7.739736446723821,0
4.9449701898987275,82.04758882401784,7.420068014046107,4.433378194995346,3.717168419953132,1
8.544503193339487,87.65878279480614,2.988149307768789,4.591331102963999,7.221355368108184,1
8.32251842909574,63.84113212589527,4.373536638392158,4.806599208333648,5.550792468286417,1
4.0858074868274565,82.99647687837349,6.733762174338575,0.3486840086707841,6.8274233046851815,1
3.7955758792764387,89.32434870954667,7.123662649952264,3.3969474084613056,5.3721860417518705,1
5.937548512150047,75.8489971103663,6.446021844762717,1.0311218636131474,7.592513419496004,1
3.0032291216234173,87.00700612120583,4.630845551923602,6.556561894918973,5.447047525083073,0
5.6035837996389315,100.0,5.773162236792242,3.8783009599941445,2.032041881065165,1
6.53216055676938,78.95657207013107,7.586813990856091,3.6133181006407544,7.9038532646294435,1
7.453866447768615,83.93307050005323,7.8726726559425435,5.79359466406647,3.104938518055776,1
4.799691847040094,72.61942916338609,6.975665323606088,4.8446495948997494,7.506116420487828,0
4.592652499646068,81.81251162602051,8.735250671555484,1.7427309712415857,4.819514237119356,1
3.244034826486878,84.60271624982303,7.5960955351888515,3.8581892749452624,7.352021970395413,0
3.3462392919202797,81.94842340270138,5.878816519062681,3.32966605354723,7.26953722973353,0
4.547042216196947,69.80304680291144,6.579246919882574,0.5109342227878919,5.860285948630743,1
5.734731013632356,82.0636177132545,4.895700764188218,2.619447533525591,6.017070635254262,1
6.827169252466499,94.62195938717636,6.837791514412875,3.632919355967069,5.845257234385132,1
3.3936420986393103,84.48635764514528,8.668150928832008,3.7700981370163147,0.9723504874378444,1
7.985377137919043,89.61987189071841,8.027935127066453,1.0355371526453827,5.236660437796404,1
4.457752797914862,77.62988029987372,9.103013988878683,6.303331166094951,2.76787164785621,1
4.957265411303128,87.49900239423711,6.54567213430151,3.795793882217122,5.342374287491326,1
3.5055766417043532,82.79267838216526,9.019149691771386,4.0751061533211255,2.714114907233569,1
0.1515194794541168,70.49089270312768,6.710043660328045,4.801283276679674,2.63009611754785,0
6.7680907927220995,83.18521004798875,9.20737762385484,2.4238474921926576,8.209869003507803,1
6.473687794184867,70.08303336559689,6.967214878836814,4.912711946265393,7.13889477624838,1
4.437344885763573,73.67119725115208,8.060847060706415,3.265850707963634,4.991714830111691,1
5.133981434449744,81.89328307292374,9.212668546464784,2.206828918705617,5.369537300498048,1
6.031878435408199,82.97244273380124,6.709858557128191,5.146894986710798,4.504167948513983,1
1.8749082862269146,68.10767534922871,7.327583481316261,6.983347717603616,6.139752751959046,0
3.9418946453074106,90.53985771182876,8.933295137809454,5.4496587469716635,3.6478912669023904,1
6.588529359243655,85.72006278300474,6.800495254104905,5.845955130280862,6.987480525735915,1
2.491421153661501,72.95271564389117,5.018661576240758,2.958738786875402,4.493826317971778,0
5.587115864333258,64.62415203550825,10.214510581877365,0.8047605416630872,4.1603060083375425,1
2.28683639075319,78.55095420918569,6.295353303494295,6.980275044199683,5.043426036969685,0
5.932859964867053,75.5405628613884,7.238134076406315,8.10902977880952,3.8177063401487787,1
4.9287170354050325,81.13140457053022,8.73401000417669,7.085613547539364,5.657364698992966,0
1.769736368188981,76.36883338844433,6.087259144403197,3.3284281220405005,3.9252748213732005,0
7.329478708914342,59.9254313925499,5.488198130166804,1.6907313225423115,5.937047205637672,1
3.5308168464039014,76.11653061698841,7.38060594516225,1.8686346043608668,7.432013077822953,0
3.3794951259712382,76.94380888931687,4.3103854031314155,0.6325348647719027,3.5613566263836525,1
5.401138394461886,86.3366102477406,6.56814088469812,3.7852427631799093,4.738849085409657,1
7.29727469885743,73.0180032538895,7.367557996473109,7.211355916164909,5.922661426070843,1
2.968356362043206,96.78674673372566,6.595072154762254,3.7166747362555137,4.128285290037186,1
5.123359699695944,60.883594493482434,4.6848235852213795,4.60464580069655,5.92864112165333,0
5.857633000661146,93.11167497802624,9.391266934306017,6.7511939286084175,6.11079772130348,1
6.386211214526288,77.75681029121895,7.155307230923763,3.1918093763352005,7.1665235525886075,1
5.35288311055445,88.59584872343557,9.146728176642611,8.071062913439189,3.788019907830176,1
4.265944321833356,80.79801484058733,6.609945624729333,7.984188814994907,3.114449519539051,0
3.344819558702561,91.39555536025469,5.679982027463854,3.7377773226390345,4.384845220872513,0
5.172287766092749,76.12638035447189,7.403771380382739,2.8449314719615746,3.0644953209058,1
2.855721976028786,69.01379574822188,6.676319310507671,5.394476092780626,6.128996408094994,0
0.0,94.20504287271064,5.233357813012963,3.304950114962284,2.6764973996471775,0
5.873119608315336,78.86519354117858,9.204676388181245,1.6868895658653273,9.666032836505376,1
6.807869682172391,82.2155847362421,6.0665946656590055,6.5624773070459606,7.591855723147502,0
0.2741351289163232,92.34751914044796,4.239600422806648,6.4328947745541605,5.025151539200628,0
2.980538590580125,69.68044757905565,8.992249080935999,4.311023207527121,6.7347889859959515,0
6.238308522010396,85.95490897639257,6.243552976281065,1.4742704925436443,1.726396271378417,1
9.114990939423397,74.10105243537109,6.088264161076563,1.5409474975652278,10.0,1
5.041587415350816,78.67830644355628,4.351918619455039,4.214458576838306,3.819570775599021,1
3.543994117541731,80.7227896538429,9.611412229895485,3.0002579309899353,4.759005172201281,1
4.63420711779032,64.99778138553064,5.065779119185469,3.317814135716784,1.2881334256231267,0
7.74975283829637,72.21162957179565,7.0876742210584744,6.043926310120007,5.972574609481789,1
3.708071641750929,93.5107289241314,8.368930483810662,5.466358634845116,2.7873116858457823,1
3.401615986699493,88.86191188584796,7.6325753995046455,6.756285360995226,5.203311523132059,0
4.034512955635935,79.37360422672765,6.910518532011713,2.0187535532454848,3.9114511341509237,1
3.0933427834825755,82.43123458512893,4.447501212568875,3.313616862626576,2.844512130139313,1
5.245340631989591,77.05757494363543,5.785412746349074,5.517963390920226,3.3912769964747658,1
8.24935691693912,93.56583385827982,7.281700507063783,4.896156682025784,5.451576068171042,1
5.6461585462320585,77.99647422205837,5.819238895019506,7.064760765175244,2.437018054262351,1
4.495292995747425,82.31842092134848,7.305039189998151,4.841073411808138,3.502376657952846,0
4.416377462168912,91.46030144142065,8.022615113222713,7.696218208211105,6.326546762528956,0
1.873618382606686,72.22628515154094,8.443754328700152,5.080035603446282,10.0,0
6.766219554294318,95.58789184496894,5.160730963280975,6.12433489517732,5.95517763910601,1
4.8443256059743955,64.69538590256623,10.29496908246843,3.3529701064310857,3.165476715645425,1
4.639040172818749,96.29642131112799,8.151219016831195,4.028574423767978,4.265771659855378,0
11.38621513568972,76.27324416048026,6.997428769496404,5.821888807678951,5.063178012305157,1
5.597505816731372,77.57301252174719,8.63430487461496,7.225956341186109,4.301150098728585,1
3.4964178998096314,61.09989828817057,10.54811165799996,5.458473898621506,6.806116333473866,1
4.147284807588913,75.45205282622307,4.841919848414696,3.833656456130761,5.434946966028449,0
7.29689141839351,69.60193468973115,6.662106036262969,6.754670059056684,6.815704769819741,0
5.226540821075529,73.92353654626527,3.4323525101900074,0.0,4.371112419404741,0
2.1234440433652666,78.62689034211121,7.288977298972037,1.1555309969862528,7.651000439442513,0
6.838457869150407,89.57791614472906,7.548091362887711,5.363268447336778,4.667028831436908,1
3.663711828922012,82.07603351400626,6.941256826835861,4.02821671250625,3.0576202617240167,1
8.74659555243509,83.07676653401114,6.018199643502535,5.211027302248331,9.354640762084443,1
7.160096131429297,69.04480611154437,3.925728225717512,4.1288150448638845,1.3500445060777664,1
4.1053562086824975,71.1924591039727,7.560300525117653,5.141891389207745,3.522522549390145,1
7.562032723470226,97.98725018351311,9.183151725872987,2.3711943580136188,3.7459442963392107,1
5.1357110210548065,72.64798965236753,6.113472316399852,5.1409721721593815,10.0,0
6.705547350244439,96.56208252057296,7.6600898935347175,5.9888290564151685,8.613717768293023,0
5.96946563458895,77.56938801119134,4.647783529869924,6.441101207862465,7.987856287284395,0
3.3072866900182527,80.02287936143505,7.685819595538771,8.027108589297399,4.338682675247337,0
3.712900335365076,90.7036516022993,6.4099265533830145,4.488196887004773,9.85235600768355,0
7.059921635162322,92.71892421938657,5.856373074095629,4.547822173694358,5.736704007681943,1
4.330449335786918,78.89187439720912,5.859454538175804,0.9536550716523045,6.954526740606244,1
4.1927030735160065,76.11756946478461,6.409582626950485,2.93717719772315,5.3593907622124135,1
3.089754841301294,79.44079551477788,7.573649973538803,3.613835851986775,4.901066857353497,1
5.847198131186922,83.37957528232118,5.0317551982067235,6.100639104552711,4.496442652147241,0
9.12504983848629,88.91303686869756,6.404327002648221,2.7779977518207417,4.580720013161676,1
2.8649341714914542,80.04229858994151,6.937792333001278,5.592680039497665,6.216983297356157,0
5.0484389133455165,86.18886298023153,5.351441163202211,3.99675656607324,5.734399597550776,1
7.8244411108308585,96.3835973227094,9.694997802512525,3.645663769770476,4.937057259592632,1
4.84071721750857,83.81309612264785,5.719756779907987,4.497787938266513,8.019047985397709,1
5.904743592499468,83.11652856004778,5.995844629549764,3.217687255494315,0.0,1
2.8752129437062406,64.81089174909933,5.532538075266253,3.1419255038146687,6.01977449584239,0
5.856614194415297,53.69269863170936,9.697720130707175,0.5904281884197711,6.435477413317958,1
4.625711469990902,83.88375729230168,7.829357842899222,3.504091585344221,7.293925736510339,0
6.971459991359726,79.05175768719128,5.595111990634537,3.040063707702547,4.870257117893278,1
7.374772103129502,74.85217325085259,8.659347338289953,2.968038021301841,5.415840134767915,1
10.179127284037229,82.43530204186345,7.301048041433317,4.833746125180081,6.971896766629443,1
6.1592663464271515,79.39596270803092,7.385880131667252,5.31726390558102,7.9823328085603595,1
5.6515926331643325,91.27780250633899,6.483284186871321,4.464389009284655,4.398928029642463,1
5.388768603154672,80.86110868258977,5.87587601956454,5.990830380898949,5.53395156625512,1
4.293667414378623,72.53076714929833,7.506649148581902,5.1511238516607305,8.357147928697515,0
5.6769676869233825,89.90166238959289,6.182369155006614,3.409887620388716,0.7519458482422978,1
4.409197179721941,77.82868925053798,9.725133444362656,3.0742874285712407,3.6199748003708296,1
5.336921952539228,85.26536683672308,5.096063342135343,4.625644473533693,7.931671957205927,1
7.63519507121592,75.225892938072,9.304235159282417,5.147534219803802,7.185075667216607,1
2.9869148694407177,73.50173114502563,6.833021726803299,6.795688614062996,6.044890421853388,0
7.279757122258091,80.84168230185696,7.4486286010316585,6.382346089880191,4.102806253781759,1
7.634230134679731,80.12828643543685,8.249736649944152,2.917053986985662,3.236363002029161,1
4.763862946017842,84.79827035366833,6.054626057493346,3.7959874397454767,3.8175687615152523,1
0.7562902019828108,77.31354246690258,8.296372577047954,5.3420356098355395,8.096016441637385,0
3.7843560258111353,61.63640216229602,2.938684216928234,6.135995556117944,3.7431146216893074,0
7.593989093122218,75.67226116411611,5.920015700167092,5.877938937409584,5.202845928479316,1
4.954263875402236,87.93818467143815,5.613905788988402,3.8722443343373065,3.4925847102765077,1
3.0013955354101785,77.02623920756893,5.119740981442358,1.491954695142967,6.6855480601980535,0
3.990450157543565,77.53616597485453,6.677567742881573,2.0021272475088177,3.9225474393071176,1
6.681240053009106,89.86376505905938,7.578624952272542,4.545267028638829,4.804812219691171,1
6.093467136402759,72.88026772741077,8.053989997748959,4.684451158848691,1.6332357339143488,1
4.522135801660611,64.57196781757101,7.361315135800611,1.8026412531312301,1.7732635275901205,1
4.266351176370625,78.39368880474505,6.00145980265968,4.089139221778543,5.015346386643013,1
4.216483701912356,75.15826048751263,7.553524656737751,5.2624487139435665,2.349685689604476,1
3.155179631002995,70.33753680246745,7.186428542276276,1.6975466849857117,9.210173278669004,1
8.230751378938884,78.24621544101309,8.404084251904024,6.209994403608829,0.876953775775501,1
4.35535906157732,84.91505647246784,8.165405054397276,3.2449377028803497,3.399649402671792,1
7.434317041650993,79.90711438432184,7.045714620880943,6.515226225153302,5.033401734535101,1
8.042632103844902,83.06981072686237,5.654120490758115,2.933095108448199,4.269734124408431,1
6.996621796295921,98.13407698515422,6.020574766251879,1.946749034231642,2.791709086672162,1
4.136759374563903,76.57121138442436,6.1753159605429495,3.083726020316561,3.0841443210094637,1
5.807460180673219,82.7834863464467,6.527100499125616,3.8097037538453598,3.018691845001523,1
4.951608787218167,74.90786637400865,7.40207564138463,3.2230401864570384,4.426556610359874,1
3.1925962785397437,71.53640280113027,8.072761585192087,3.567997156853773,8.903858179034847,0
5.6487185634432056,74.1509234658223,6.923321960476933,4.66793029935238,5.15587459311642,1
2.641920417680395,75.21241428478311,7.024187181850708,3.657641260407201,7.365800978775048,0
7.375358776923127,83.59475797547125,7.214959457500005,3.867775212095986,6.013952691656283,1
4.070765405403214,100.0,6.2261420303014905,0.581547201594808,7.227724795964441,1
5.4023193117456785,72.83956563724159,5.6119116135355664,4.783396032020946,0.0,1
5.566575743092284,75.83374694384537,4.366843154033935,3.821593404616664,4.391083957703541,0
4.482190052591846,79.36876986888751,5.957275962884691,7.220585960965742,7.6142708463014275,0
6.17338760295055,83.95798848709747,7.709718179901681,2.1208696654920836,3.8565283545013327,1
4.050192686754951,82.63550811954785,5.945632842940649,0.38340934300097107,8.524946329739224,1
6.742594594914488,92.84095793948117,6.64328944386109,5.236136987860084,7.967780307535524,1
2.308040639506503,55.73607929464792,7.699646931118475,4.693054036626001,4.061738567745075,0
5.2527591590928235,56.13070129804328,7.781034244634003,1.9831339589377084,3.9936729619072864,1
8.87785799811657,75.0412182798985,5.380700721750942,0.9405020899918171,2.9727883152910626,1
2.9993373507888506,90.97300187543709,8.495589034680462,7.07479346136858,3.7408115362724046,0
3.644510058950297,64.34351968394404,8.691025134033229,6.828220781213563,2.5348218716621695,0
6.02781569931783,49.92367660306243,5.30522521417216,0.0,5.857622360866011,1
5.359163563879196,85.71179406219208,5.7642446955382685,3.083553941486998,2.087907013307133,1
5.701260198547119,82.43657223702715,8.786636024719288,7.328384109567798,6.207466032380443,0
5.978374260295327,69.0979159320057,6.7797197181170485,3.047874884444266,6.256157393800497,1
6.269442937123539,70.1446039927907,3.6703330788222237,3.0187755319466945,1.677591189632155,1
7.219399683912446,70.30256280365326,4.9004777429009705,3.4344813447412634,8.09963721265668,1
5.819637313857025,81.1053531747394,6.625945562241278,1.7582060524636813,6.0272185888304435,1
4.517484690762915,73.73684723816993,5.255436024573097,0.5904485115439115,6.499396042889738,1
6.345147402405463,84.9406391897552,6.3798643440453375,6.105094621469497,3.482669596914455,1
8.799763869790432,51.45373337095609,7.0485943205253685,0.3141261875046486,6.244758236946238,1
4.7347325072348525,71.431481348722,9.193381906052092,4.494542904217512,7.252786899444131,0
3.050941390658717,68.73946039088949,6.564319125658317,5.773158985515299,4.802783201990645,0
7.214161338573946,77.43659321627507,8.608812699359138,1.0975474021976832,9.003844918496721,1
4.759237672092803,74.61952241509861,9.143140243055155,2.151463194809857,5.088129269825876,1
0.6546609079719277,87.97843779895767,9.151464504028114,6.426358376783179,7.2815716009049485,0
6.694843354300843,61.406632283399425,7.4271318900783525,5.06578344045408,5.58601761451731,1
3.9293436280921545,80.45491476330751,4.055066278241538,2.7654285862422254,6.171043065713736,1
4.818933435391679,85.58336423211705,7.691237298105798,6.404498006722342,1.6573354647304557,1
5.663960661138029,98.56647436561954,8.57259983172031,6.413071446908605,5.742107476430727,1
5.380999359558133,75.18234028906525,6.878399341846874,4.538105386031415,3.530049797485468,1
6.418903634278079,83.24458604352517,9.616875805112873,2.199679544252674,3.3072033884446244,1
4.129027258860313,61.96137207437635,8.289750342201186,3.1731025930564094,8.488206368931957,1
6.026211596352166,56.08043795686976,7.852410065729177,4.57277348791078,4.572459503875303,1
4.4809066448321655,88.447743757817,8.629571066808756,3.6228103417050237,2.9933963380490067,1
6.477620961775006,79.94439706351929,7.500054776891317,5.877914356469702,4.28173674378225,1
6.230734968026107,91.78512689798423,3.26078425090697,0.9404518397813275,2.3990995421561725,1
3.1291225959108093,66.2659711103025,6.251291572794452,1.0114729418675226,7.86776893639254,0
7.1719642323500645,85.19902139528753,8.79575204087178,4.361742222964865,3.60863851166697,1
3.928073109771904,98.68817840543853,5.788612989852556,3.016911172386191,6.058599867887338,1
6.61611559656229,84.19705608357266,6.664791242144592,2.745902770604518,7.71221342842065,1
5.734574626802681,82.7658150559105,5.432745529145393,0.46388656165120556,3.999694637570541,1
8.676367353590244,80.0855608082435,9.675883892802654,4.039091689596363,6.064044864545572,1
4.553068035256295,64.29118542874087,9.522238686127023,3.894489783998469,2.93982789019114,1
4.301366407763605,93.55572935710347,5.674196657288906,5.306957963903481,9.891539138227369,0
4.961160788224535,73.89142360194934,7.220947000583626,4.137812266241944,6.872760269233244,0
4.3936404343314495,85.04483256383017,5.979258928353929,3.7347918435190066,4.614787122478388,1
6.5998838038841,64.36965693428746,7.922416958547068,6.354001273580675,3.454332538222072,1
1.7673787831268242,68.2054033549222,7.764524615863493,1.3750653931029002,4.772006894320747,1
2.892635161707292,94.35087399222235,8.217558357419898,5.072778437695153,4.320032555296962,1
2.864394156841614,76.52697711042157,7.497877671561831,0.6577056704093023,8.905889107999013,0
6.900615183947151,94.53275476042545,11.403109309582703,2.3232762399983846,2.5489305555701955,1
8.42122674516385,79.21769340941482,5.458114352483891,1.5746857347533725,5.269602846580407,1
4.791101562925057,61.58102227042143,4.434094968345229,5.5638850709038365,4.96332386673258,0
4.662356553619979,88.9206759973172,6.410364698947808,3.869179532809212,4.765179399310261,1
5.140104326226362,74.10107682244393,4.648017601659599,3.9729935108140464,4.7827666901233155,0
7.323756605216381,86.98688813517043,4.7613065949910105,1.786534024541098,4.7678583797590335,1
3.145293731618852,80.25210867540082,5.4980280187030495,3.4006130081342216,6.746132132664199,0
5.47673796546957,64.5688177205713,5.616716641852559,2.4730693933817767,6.21796889298487,1
6.95039525956486,81.64294765370569,5.56807284707491,4.766910029708432,5.837823222745573,1
6.002188339879691,100.0,7.777328425668117,2.0178177293367727,0.0,1
5.379163233197486,84.9298645851446,6.240716408371996,6.659588730410151,5.599589748326328,1
7.002092185134282,79.42482246994537,6.73072813769128,0.6488391007518111,1.688721279659835,1
0.0,90.75343401956897,8.341349161751403,2.3869603350868775,6.292640326271651,1
6.3557506390618155,82.1066846520311,5.850516212827861,7.354401019932192,7.94899473514103,0
3.6918486337451526,82.09534230262794,6.603181151942917,3.1297225040759313,3.1475217748228985,1
1.3387342062870862,69.08374827840898,7.548639979139374,1.3702426711911762,4.476438555314586,1
6.022405199049961,82.33848025789598,4.087648299069668,4.438143125075337,3.801288589894006,1
7.747317090325915,90.35443416416945,3.4226417365741266,3.0492155155709155,7.4708635515136015,1
4.725102970744616,71.63937847899976,7.519175993196584,2.328259488763388,5.190055770544146,1
6.905749094405878,94.24495821246947,7.738021420850348,1.8082583784025652,8.456658761132667,1
8.22455651597729,79.08293975854875,10.096330202278615,9.536747211251885,5.8275084058947755,1
7.629828907168095,71.12230488461459,7.237142313800215,3.496896199631727,5.484900361271639,1
8.279929058742786,89.97632076920245,8.229609575887142,0.14886527933424576,5.136413565205673,1
6.484254982143785,77.13205764261731,6.706791034621039,6.987419518011068,6.635984198514674,1
5.150867277803186,87.59514887486108,7.4458408323776295,5.222141810221141,1.5246276035093134,1
1.796068376205663,77.08241367741462,9.500885262624301,2.4670671379604245,5.1706879110410195,1
4.507875023740103,79.40173856470096,3.814010772811547,2.133761822627717,4.859907112544071,1
3.3135068093676168,84.93560204334291,7.620424386357521,5.3469455923164615,6.450837654315532,0
9.341885434995628,82.90897057590006,10.20338009511605,3.5061633450210907,4.624596788251926,1
4.648228375135327,60.044682195482615,7.423051328814013,0.1480443631097974,2.92253113167466,1
5.2464096135689715,68.78756259905609,9.475859444849272,7.574479929209337,5.014701349839398,1
6.102970752080935,89.29409984790816,6.056181775705836,3.132019075568086,2.8343189422633133,1
5.087204892744907,78.67863411098453,6.95192875875443,6.991143472964852,1.1494755748250292,1
8.390102080861507,74.76268697228578,7.050287053582881,6.55686991593143,6.454244962970986,1
3.754701276531096,66.41425984742526,3.673613380961844,1.9979809110343716,6.158123145389341,0
5.389214910474485,69.20263678724152,5.2477332582247,6.066379728726296,5.934181887987149,0
3.5150588286039035,59.78201360038052,5.354687380924021,2.697114900272638,7.6058568438916225,0
2.3599549775585884,78.98719281298467,8.233099117048791,0.2665988263921162,3.6699362193921496,1
3.7764618181894294,74.01562419418953,8.308229658526082,3.150803667955715,2.13777171445749,1
4.9259264059031755,70.33412109014685,7.4860546640598,4.7952750035525575,4.859940446383911,0
4.1413955509654805,79.31876574832047,8.236154345283559,3.074526704007324,4.304999400588179,1
3.615158040252288,83.63970630852738,6.753775880917339,3.385903318149797,3.3154085664598627,1
2.1873650726563323,100.0,8.802897504309314,6.287132089857225,4.840301693024408,0
4.83378885474261,64.88116580436787,7.013182663948108,4.212987960580183,3.7767897075908303,1
1.9905592519379955,91.59381043300522,7.086796071140134,2.3134033774300953,1.3279894332863376,1
6.520111927379205,89.73101561015072,6.601611050106383,5.404060647334653,4.117646618412479,1
5.164879505869006,72.209072606233,8.026675716454642,4.39535113390849,2.7272496665922854,1
2.084897001070139,82.03235954586032,6.36820177508063,0.0,5.463296143221846,0
4.381581845900273,75.42366750662384,8.464647065797102,4.856705827542897,3.68793048351869,1
3.4956871888188337,81.85688580418739,5.30177628892599,4.783657415432203,7.223262948282104,0
5.638349020838361,95.0913101340455,5.351625617907709,4.04024225916172,8.207732134535732,1
7.680900892046289,86.05606232631312,8.031140132689757,5.783401162139151,6.358762746023812,1
1.2496550607085108,85.08608373233442,6.867183678125481,2.6552128313469954,1.89794763603336,0
5.230052158294835,75.69690680045358,6.319162875770307,4.672999577641802,8.010391997758079,0
4.679734408866719,65.15943335075664,8.33508659871319,0.8660812576652943,8.15144090074753,1
6.342680152900932,77.91531789459592,6.089107878870873,4.814180766797664,5.037581022615882,1
5.426393256475379,92.06608154863915,6.6996981185494455,7.906119391079793,7.6458523206710645,0
3.496061336522362,64.72832143410352,9.09884192510674,2.0102872950649178,3.896649723906644,1
4.361892128666764,69.44910631823305,9.308713518715976,2.4803957360244495,1.267508130300821,1
3.407948286393022,81.26267736234068,9.35859731540549,2.5799691142168957,3.4794311227568127,1
7.152014277197196,70.15345215152738,6.5768113345991335,4.2599964516031905,8.458601732089512,1
5.0426232973438845,72.07476552884788,8.846054357476705,1.8739274542925637,2.017840152777053,1
8.802381371506016,75.76401418271823,5.576570758346983,4.84249475738196,4.999042563862989,1
4.878678372370758,66.3438259580985,5.639645687916909,5.693679890938331,5.068287786680425,0
3.5831864661790744,70.25878153783631,3.474316221063458,5.068694426907569,3.9740515120643765,0
1.9725712147743457,87.03427916787308,9.509302302847795,0.4631691487238552,4.11295680032577,1
1.3937206474881099,66.92630217769036,5.704030226385883,5.990335330317212,5.144498268472406,0
1.8317281139890205,64.02127865505162,6.81020113037941,5.87473482850736,3.8756753161305455,0
5.534253302022967,73.69975020466106,5.634513487107574,5.660322744692609,2.155883005664138,1
6.017450046459867,87.31955502509845,8.04274787249521,4.74568449731165,5.430063885886912,1
1.8376185959357332,78.0307819200311,6.4365495089239895,4.440378628410266,7.146733164889945,0
6.790076628152231,75.35418921884381,5.042774664350576,6.064778796252794,6.739145037306843,1
4.033877896633121,80.44358797515608,7.662493846279091,7.847026975206909,3.3805290652203768,0
5.293586023971098,62.54292567140348,4.849404962784657,2.0939190732703006,2.4975441692446485,1
8.224441256510849,84.94705653775033,5.743891412026763,6.156250791589544,4.4316242356904425,1
6.793678631731064,83.83435031403644,3.8396663280608787,3.8275658039850944,8.135583019591328,1
4.4629387041883355,75.90691525904279,4.86406283170359,3.7406538959427986,6.291196157919091,1
3.217615549169425,90.05924511796417,7.267793754580717,0.9269386192359232,6.407929353588467,1
0.6963691973413901,68.72503901046962,4.053195942845613,3.43042118096921,6.77971390357099,0
3.56169336151516,91.2790899325357,4.778281413067426,2.005470084063169,5.841533125037173,1
4.577739522344611,81.54493665595251,6.996446625800788,3.0722911409881086,5.2412170952271575,1
3.0256409456976323,76.63447410121826,6.184589655860421,1.8036272324437004,6.324613793295936,1
4.737486065815391,79.80126364631688,9.988054953938963,3.102183225373987,3.9076677915639606,1
5.153703765917537,78.92735234189058,9.750844819036564,3.1877792859531935,2.1710739772673584,1
4.550288036383843,92.20282896417717,5.69811630587327,4.193509836877601,6.445993869248646,1
3.6999948383530805,69.23320872528987,7.835706427605222,0.770500275417338,7.47547621149845,1
5.337309343933455,72.37480760853401,8.123923835319177,1.1089637045093532,2.7635361212879372,1
5.883881299138818,90.3630289207248,6.103781712963395,4.723828541461053,6.6438429648318005,1
2.819201845114308,74.04465064816141,4.756687695252694,2.405123765859802,8.36153142677638,0
7.82186475949254,89.00533077331592,6.981552326037914,6.149059580459863,4.9955075964857585,1
4.802823735431477,96.99435983008709,6.740731487778834,4.450539444030094,3.3639956305165075,1
5.037699245889695,75.98204973058367,6.346353254544071,5.213524300412814,5.2460373470535115,0
6.4164288465131145,86.81362326575305,7.663475302246728,6.8213846408417895,3.8989320635985973,1
5.466432262527003,68.46307718660141,5.873905589491602,3.380578376386855,3.7665397800871965,1
6.90627326782649,87.54733298067809,5.272003678631285,2.8510265891674487,5.866368134543086,1
5.574248330403648,81.99423985986768,7.163624455524748,5.743405171197627,1.7925410499402092,1
3.775125250719124,84.73038282160215,7.578955138853313,5.019027127859372,2.1121421550155457,1
5.723007050412203,73.54427927964605,5.23503258414992,3.6253393803573983,5.038581760747886,1
2.7125475853586765,63.389165844328275,8.392135916486621,6.782915933911884,4.955382922175137,0
5.217119411553046,85.03252064749505,4.344278293335883,3.575511380320139,5.687109154079872,1
4.933540018711079,59.365968475205456,6.132829811926535,4.065547275111562,8.750450776966776,0
4.583766285454921,76.82649507757465,6.612987195703586,4.042445301668517,5.209028072151642,1
4.742924977122138,89.4118186641997,6.0456644310221055,2.1308122102030578,6.196344300669589,1
1.2363019090047218,81.91897735873036,6.152409289673211,4.155170778972782,3.0489341287707363,0
3.902550184518077,99.48342644789813,9.806611723462172,6.793520354796982,6.535875327033074,1
5.185689802282229,90.25109152581774,5.723673866441652,4.889936630752351,3.947218269778644,1
5.319712783994801,73.46101611674423,10.66183258370787,4.062126852797863,5.142841665162186,1
2.9446497181480837,80.27313379851438,7.6556901695965776,3.676465437668662,4.782302749861676,0
7.531415681729401,79.52629297455564,7.138082705967988,4.661734056812702,7.0659484698280615,1
3.2676503035709983,64.17823236653872,7.714360530081499,5.499533256978371,2.380046891250001,0
6.938914401053474,70.59601083515646,10.794891623877929,5.218477661779506,0.433522730769921,1
5.854388723743369,74.3923909302014,5.509610494102828,3.336270276356042,4.573134605824151,1
3.7075453803123937,59.637794971440634,5.319373121595416,4.649563188220229,5.937062513810249,0
8.550621785219024,80.47493468251643,5.867700705142118,4.959879482296557,5.304538751615,1
2.61272633648704,77.50928155346959,7.0482147204468415,1.9856100249460433,7.464408474827822,0
6.8383083472200035,63.27106098688426,4.41134331278114,4.336461082367388,5.874745348359337,1
7.0011646360859565,84.04212865277331,7.033508858977912,0.0,3.87230333628028,1
3.6587595818467102,87.1587274469096,9.540320700120509,4.96506741964237,0.3491596917206392,1
7.784930600128657,82.27034478864888,7.227111085937167,5.320686109125363,4.525375531609564,1
4.499906970802094,76.7593182479103,6.560971811537085,5.495092251572919,7.055918004515596,0
5.577387258559714,85.91442151751855,6.072759326974559,3.209906295660865,4.215904434665771,1
5.5206436775424415,86.80220360476692,8.347767556827346,4.6180936700480695,5.056640527355529,1
4.731382517058904,83.07403569719689,5.761250840142928,6.847907691082334,5.842720508613417,0
6.621616546319564,71.75387749565239,9.769593880898872,6.8275392965825175,2.9694152515003682,1
6.586977441104426,82.7660076551118,9.900039621571535,3.9416546015468787,6.246471793277635,1
1.5029360535236385,91.95480650825479,7.385126197992681,4.278639261459119,8.27424358000341,0
7.608680485756305,74.0337094138827,6.982727367885032,6.221822289468866,4.654373296213187,1
1.6750160239286513,100.0,8.545989712362339,0.9983959694756503,2.7418711563353964,1
7.065092408683315,74.74369066014616,8.642197753340987,3.353848514645951,4.866797945956052,1
7.253410273655167,80.32407013340136,5.7910124034108765,6.671140911073513,0.5512317827822626,1
2.8180671395696035,73.27514403993663,6.210167300294947,5.950401083369532,5.673806527953232,0
4.17837142409083,82.2327083592026,5.016478847975057,4.738527555299809,5.904548755297157,0
2.7885906630281285,62.57778307364725,7.613597407501086,0.9883351893387591,8.351272587691124,0
4.570157939422529,74.53958201183279,7.999941825185336,3.900179533917676,4.61201041486675,1
4.383931431628517,69.07878799651434,4.97511154320809,2.820169207500134,5.81697067629294,1
6.55932106453868,81.35338347892291,6.317201642775761,4.662077805634427,3.2774237952281977,1
7.620617492239217,89.94447375508908,4.979119123627976,2.3813066304102395,4.287145758949842,1
7.791367621579912,86.46006187114551,5.651800284634244,1.9485532100507852,1.949629126675604,1
3.875663946843396,56.28340639141108,7.8265255903394495,0.0,4.610420757433529,1
4.581556252510945,100.0,5.899776899982581,6.443609369953403,4.38938169296287,1
1.6331236155580995,82.95279940620868,6.548761065951552,3.200458977113885,5.598399532177792,0
3.3882598670076227,72.23500859507,4.559032408079027,4.3142915674050695,3.7528062393347215,0
6.929703266194915,81.5712791899094,7.280485314586996,3.9955237670516377,5.166690701950184,1
8.231165647096464,81.76189822502693,6.9335900202330265,1.8651321340790012,4.333239888784669,1
2.531302256240156,73.33151283048436,5.906561124950256,1.4818701771036134,4.337001223400971,1
3.8150714816942113,81.97916667342075,6.716478553476289,1.989369748005529,5.16072465192606,1
4.947188486082146,73.92527712379693,7.2704423207551665,2.553663122341214,5.08104588463402,1
5.560322317639214,75.95638007309978,5.777697776635984,4.73321249402761,6.522348078103277,1
3.3807929601567075,73.13720864244915,4.785606183997331,2.408564672958777,4.75871393174033,0
5.8481220889281795,65.67328710260347,9.708361649030223,7.492981263189243,4.300229301753994,1
4.052321305858168,81.45836470215384,6.050090942934591,6.054302071786302,4.638385109825547,0
4.9710954582434415,85.85299436516338,6.854859845219666,5.616719099331417,3.570671766318015,1
6.092568496007399,85.14883596076372,8.51625960253047,3.7606821950536995,4.280177812866657,1
5.0128445396218755,88.19925252635234,12.0,7.028561471440968,9.062317426146462,1
4.127228218946863,83.24340210014869,5.133270325166702,3.563988737757752,3.174642478608266,1
4.780780392148339,74.67274501783096,7.674740820589765,3.937477171691508,4.442687332241381,1
4.82327408158933,88.39663864431189,5.9386715720588406,4.339949079498539,4.225022673460619,1
4.2599779402357445,66.42482460158065,6.191814543134933,5.403646081086688,4.505656775511201,0
4.482407874665795,70.9932861748752,5.919681968489815,5.273816158005971,4.33752138224321,1
8.197294341009433,70.35799928576755,5.311517548299123,3.0497494431107937,5.5584802024419995,1
6.121838895882478,90.80056059139311,6.938062957323008,2.9340125611480925,1.5796497972164114,1
4.409039363941679,89.42788514140075,4.7882459694276465,5.279805914304169,7.074342945064009,0
6.393908809021472,84.87305237044995,8.420211349767806,5.430473167782465,6.265165599284394,1
4.33236102048798,90.71929865211797,7.082504404050062,3.213297750354254,2.5142568278737305,1
7.346249275173283,71.20717217588012,7.6336524593521595,0.8256238606430921,0.4618454540951973,1
5.739284384396187,83.4859511986098,6.3007170820806655,3.585367807983511,3.0458557077171977,1
4.7853957119915425,78.74825571616836,6.449194098682377,5.247051597651717,4.514667077145755,0
5.895433851620555,88.46882103884914,7.431345857750992,7.610833692839561,10.0,0
1.8582476958630014,78.84775767447802,5.2539240513912615,1.604084075318676,6.086513929948547,0
2.7464650621803894,76.15057111589918,6.463014348379996,3.1468574943388528,1.3848207016370848,0
2.612149987201889,85.4090851856099,5.710579729182319,3.221192876949247,3.6206889901981123,0
5.285886189527414,88.76169167191233,5.664146784113479,6.7116106788630026,4.893575127454033,1
8.465029998970184,73.31654805153198,3.835242639061538,3.9301169990827343,5.507367108596194,1
9.462600292385265,79.38924328647624,9.00898988422,2.1853468812554686,2.370502279379154,1
6.276102202881514,69.41559366358348,5.970191870269346,5.117390565843638,4.730019544045877,1
6.001688949888914,55.019389825070604,8.745064082745325,3.1907229599181073,3.5647217247789187,1
1.397884531694522,82.00459631413729,8.603188482091438,1.5512254532840912,2.792482874795367,1
3.9146524005319563,86.08905356254633,5.0710004402252595,2.2144533854476984,5.519191293397908,0
3.424432496183522,82.62066809086726,5.367383146490731,7.468083908845238,6.547754346885645,0
3.7583048034977677,60.50438282245633,10.840754439033525,4.768418443298924,6.682082553923239,1
4.663712362830421,76.49150569923525,9.626388912890715,4.215520110905086,6.1487727022677525,1
4.055818844605746,57.81652239948919,6.9527222300078435,3.500212528375908,4.005260933719474,0
1.0414003792484245,93.69701107654186,7.386059659626024,4.5842976842375975,6.429099522927012,0
6.495820512235068,69.13945417881914,6.053730395579217,4.560471892004989,5.618108876208575,1
2.854513948520387,92.55403609459896,7.64852907130051,4.584337656414652,5.267883765904027,0
5.478493728222299,89.45869643684145,5.924227148916293,4.229690180555506,3.7766137565964035,1
9.148165339499947,70.99409647463938,3.9514693535524232,5.737596676611099,4.006247745316943,1
3.1612308168271532,68.67215048732255,5.017666320233424,4.046208692001462,5.147773872249108,1
0.0,83.50370216386338,7.031639121775881,2.044122328894723,9.879748933971003,0
4.427991556239778,71.55675962816929,5.303399146746118,2.7751542181982636,5.60248496018278,0
7.201919269997142,81.02484642158207,6.899083802629698,0.04196261302057547,3.777622995499428,1
8.916694908441187,75.17172409193081,5.388008440850705,8.053634232084786,3.3352211100611147,1
2.5409008110951663,62.18841585534366,5.82646911624701,5.725509183905373,4.016466774687594,0
5.993398446473043,57.695319808755414,8.279747959619787,2.3398590097415264,9.35458689509813,1
4.069379086439893,82.26684248494597,7.371220821460157,3.4363103012058,4.201486708108076,1
4.788103291391729,74.38442253669375,6.985503368029979,2.7262470515871335,6.81374106922057,1
10.28868669403407,74.46910183085868,8.318445959605977,7.085094422748234,4.248143509057288,1
1.9940593432096936,86.95863839093785,7.720912890021021,1.1602456714581422,5.5223690825592575,1
5.5074793229891466,91.73442276632444,9.169844936877052,4.228952117637559,6.583490548017444,1
5.935386343530866,77.2745527863819,6.31021110652729,3.782944314870304,3.856194300380152,1
7.171572649878694,76.59401293090139,6.355547532208737,5.6536772614182285,3.7177766916944606,1
5.1959663069417905,85.00143033113883,5.048336100412982,3.79198154455061,8.31773938891066,0
5.616101079008205,66.43064430300424,6.3565289239413705,0.48358224668912975,6.969185789791593,1
4.216702865156417,82.23153054747696,8.447154841453669,3.4977643307151185,6.581344637381457,1
5.538253882490214,85.51885971822153,8.9499810583932,2.0556755641133497,6.574552586245828,1
4.313615449005179,86.80230208417629,8.440457752130001,4.1591590931131215,5.919150976622131,1
6.243143779712102,60.63247297497535,4.3087122001758456,6.868354073040653,9.03555162635013,0
4.260779327912732,72.3864473019106,8.624717818991101,0.5211495115354436,5.087816603754313,1
5.754200787804373,71.21736747176533,4.2422220650918945,2.3995545292001923,6.154524734401839,1
4.941474372630044,80.99886954409213,8.34717598618352,2.894614092433006,2.098174142811975,1
7.252100501544336,84.80744579767983,6.448323210143418,3.2367378091735772,3.3500786268175182,1
4.897212552823028,94.96710407445981,8.053799970900783,5.480251328210489,2.598362000329919,1
1.4539350635862371,75.05034519631927,5.001327478158151,3.6529111648772252,7.548127167032298,0
7.523843001427983,75.02427501690786,8.75675144905922,4.831605451440891,0.0,1
3.1885353982747624,91.49672018878746,4.802537880842666,2.7484539125364473,4.1953799544945545,1
3.6924673227023606,82.96576938530305,5.997317633720233,4.459848690835875,0.0,1
3.808677411913016,92.67651511187974,5.5028580583464475,5.55559526175543,3.33742420903622,0
7.748876186341635,82.88728003009837,4.3685727207662515,2.535400900525823,4.018102100536267,1
0.728651572042609,68.4288338128673,7.141791351382703,5.56271623961303,7.769742187588088,0
11.275497067319987,66.66871645222193,9.709133676755442,4.104745537455137,5.793255878442914,1
7.112113618132104,64.48487750941071,11.000357833480013,6.090920480964505,3.3337169533420674,1
5.4464778282583195,86.62051834758473,7.145733680629371,3.597160199846053,7.131927439463652,1
4.890211998767427,91.88596823087008,8.675021912601284,4.762489310324198,5.035664509059515,1
5.571108149715314,98.4936214138638,7.348141956892806,3.91878753664294,5.075133717414505,1
6.042244856758677,88.4310533232324,7.748324792152319,3.807575475918842,2.594656984456016,1
6.290431171900114,91.62838577534986,6.486777023309141,4.51786085645138,3.0199725721937214,1
6.111208932006897,74.19983667346315,7.292615388133903,5.073614938449808,3.3498054001089512,1
5.179161362510498,68.43584183256144,7.806218056909643,1.5008701761519898,5.09292254630838,1
4.605323159385348,88.50079332417553,6.132310406685503,6.867267217635756,5.15577145396135,1
4.697453432692977,84.176807522394,6.883758550160518,0.28067391890040305,8.088185327048091,1
4.610183439294638,81.07444374340892,6.912354821503768,2.630375780522208,5.7701103358756685,0
7.2675401937341295,83.8737148063299,8.239604975995787,3.8114618584701985,0.0,1
6.1871134445617235,83.23185482458206,5.40095174255848,4.824711938171896,5.525283975743381,1
0.0,92.83816859853562,6.922686687088523,7.152345055482757,2.0999672876649345,0
6.311801553059522,92.94985584816956,9.868008203579047,0.28341702354978526,3.068058150776927,1
5.389472389437549,85.44220352340346,8.746090228878906,2.9846117432205785,3.37566105654734,1
4.962582487108206,88.45802872562928,9.023768573333058,0.0,3.6733233529753964,1
4.222963093822228,85.14062552424775,7.036647760267051,4.063243947820496,2.249701215919394,1
7.2482254399720265,75.3883026796538,7.481496345529035,4.543367169000061,5.406964006904575,1
6.895052924245716,87.5656467491314,8.503354250054388,7.181591484342505,2.1783954298180817,1
3.4542446643527818,66.05504931140739,9.340383294296396,4.241269521786908,5.713335214499693,0
5.81410457424907,90.53891552295883,4.07259563067567,6.08805025888476,9.47394215412326,0
3.0566865309174283,68.05477060233964,5.026838039425232,5.167674163078118,2.3412818821318724,0
2.240763670422139,82.85803286794733,8.96416615210397,3.1295036059896635,4.430979391321555,0
3.74656555082007,71.54846041573842,6.584665966346795,1.1820785064159214,0.0,1
6.724786944765517,85.53388983074427,5.992418816112884,4.550004596583621,4.398129414059734,1
6.906250090752174,79.66074774072091,5.118758519506594,1.0157959657092723,6.285434305262967,1
6.026170840194586,64.05244041836667,6.167474947683836,6.590414145339288,6.441278462714534,0
6.450191573695994,84.20699631018479,4.896446074864263,3.675875795926352,5.154727460568194,1
6.032356574229917,74.22079223167289,10.136641409098715,6.390354823022832,6.778526849517951,1
3.7170368095540955,88.81146720813369,6.96634592202914,3.039571131735201,10.0,0
5.8638450893478815,80.01325688734407,6.913074187355924,4.537701572801984,8.4246093748752,0
6.600819050455365,83.95420985388039,7.882115012751748,4.418697714669378,3.954958141180726,1
6.508582659627148,70.42431044984788,8.443517753899854,3.909911763978152,2.097792027066523,1
7.377826742949286,74.10667768572638,8.418832234831958,3.134680973206816,4.187697166852393,1
6.416607694402128,75.41361363898915,8.610432915861358,4.784912036941041,3.1060344687653036,1
5.702896415083166,88.56702480242555,6.053731673813715,2.147673473033583,5.902695095729265,1
7.140300476632855,96.77377087805489,6.553199792564708,1.5811293420818826,2.6376129211410038,1
4.9469574815018795,71.94828248257124,8.153547483163413,6.485653786653655,4.854355134819316,0
3.2362506975445644,90.7684814465768,6.2089164075405705,5.454335977784201,6.676028109072621,1
4.673866072112472,58.30322582274298,6.992340051959163,4.13178321720448,4.798608254365646,1
3.510194710387102,68.0581059890771,7.598145646637222,7.330284765087563,3.107372354504407,0
3.649643450051237,70.41221543813225,8.177777623465564,3.4644689625503102,7.349628115171384,1
4.710962658568964,66.47491310559278,4.333478556444698,6.645406439977959,1.2420381104923455,0
3.415160158000077,64.1641161021242,8.072118474833417,4.351148169851644,4.344409888245074,1
4.384076940721919,84.12998912137797,6.6494139132224115,1.9504984998472197,4.91667995323733,1
1.2127706660924287,77.85932302272138,8.061186566296572,7.6960803835417,5.031817316799263,0
5.426587414745877,83.7940539760511,8.165397538532243,5.98142169324817,5.360992112156162,1
5.002410950724449,86.90472686121512,9.411872591678737,3.7579579379808714,6.220879639618986,1
3.3658227378636187,82.65616993172533,9.030180471431805,5.4543425190678985,4.929185121909298,0
6.31849133686481,86.57763176150374,9.019857493915444,3.1925931320041863,4.263883435712638,1
6.875140275253116,79.3046771375773,9.165505478749358,5.658298070119084,4.184821310680609,1
1.7848802712620517,68.13006611694256,7.437068477223919,0.0,3.7769683959232907,1
3.4745504428675718,90.57814180820796,7.048277630555259,1.9603973326108126,6.5750866486537305,1
3.4617153004254035,74.10887867218872,8.309225624767501,5.958519488573925,3.706943041046971,0
3.120193797782271,70.64403701237575,8.098121427149534,3.500688923562161,6.693542218016489,0
6.658949683863497,78.22082124195602,6.53640064489261,4.415084589777484,5.037998164519742,1
4.612347722454393,70.87189080703487,7.607235113212402,1.3064286757691308,3.957490386287741,1
4.470970317378779,75.82569618010568,6.9473552998231085,7.6957339914042056,6.23681443148827,0
0.9922752711864931,83.44053921563466,5.719100637309916,6.381059287435353,3.5450921505537636,0
6.2708360604184525,83.48341739246126,8.935691112064525,3.5986295632493404,6.276368081456425,1
2.521483210293055,71.0216993357437,7.082798863795134,3.1906082862733474,5.42545224238357,1
5.119865260532657,75.12294627051256,10.073062386548276,6.0592087228393865,3.8073506218161586,1
5.554753875916384,90.74333004770244,4.5617615947002506,7.964940900337855,6.0572696306691185,0
7.7213171916773025,84.96400117733941,6.1648318407349505,5.907520511622708,6.093179451377278,1
2.382359201761776,100.0,7.0489582550363075,8.343605334793203,7.315039211619915,0
0.0,91.80128173741528,8.706071646443371,2.155297341876164,6.932294024818592,0
5.36769908950739,91.44293068559939,7.599204058903277,2.3612263390024184,5.982548041452565,1
8.601022363021707,66.12131449544198,7.465709131271127,1.6221177638933026,2.7448180975824736,1
7.477892705878874,87.63860351633423,5.309104311168779,4.883521299298959,9.897173976348114,1
5.419318830549251,79.4689319830309,5.264587904155793,4.35120709960874,2.1927675778563795,1
4.0167276287359055,74.4901819646175,7.483756990434857,3.696097753056028,6.8985263485646175,0
6.614245193274621,81.68015340532529,4.9538410092724625,5.618517256246597,5.862567633772597,1
3.0529076005910625,89.45211534611484,6.202183374566007,6.464657210429328,2.6517152550377707,0
5.952715538712439,85.00831591004211,7.751375993628786,0.9486751814263159,4.7513981222430015,1
6.010940318333254,71.2152619865794,5.526513591584836,2.806055944197769,4.842494227510719,1
7.12041981499776,87.4245891359262,9.40803394354271,5.64028718824612,7.611165431621047,1
10.519320077822155,73.62412457924036,8.835904516356836,3.064522632282836,3.573378199439577,1
5.784831934357534,82.16683118964286,4.6428700024925496,2.403587847283692,4.476109987151292,1
3.9820727485850025,76.96649932522865,5.6014431352270195,6.037074855300789,0.3278607899574739,0
4.9488513756160115,77.81133748264374,3.571334133257575,1.42099986055204,8.469525586247155,0
1.4618481902217635,87.6624297504051,5.8261129561778,3.39684038441779,2.8590635139598577,0
3.6105737378218836,69.59806280184102,8.1495827148586,4.657288051609617,5.65382172847835,0
4.181435123773792,99.45195074276933,6.379157586587715,2.8523601721797625,4.797184340556272,1
3.951823204130815,61.78913930705504,7.691195865423952,5.566311312026349,4.80399806643332,0
5.304709744067444,74.02332316745142,4.716498522577384,2.862246049605262,6.6197239697417505,1
3.355160135235599,83.70211889941741,8.196962881872858,6.817238986891839,8.34252492060727,0
7.242061334648943,85.8431416643531,6.167336158107475,3.748507405008455,5.502987339883983,1
5.000414129836394,78.99524279428294,7.018254523424358,5.342540273410707,6.310156035261052,1
4.981399357722771,79.42609296998458,6.860688247910421,5.492047905965633,5.657783073454082,1
4.344210566974164,84.10550085327617,5.092677218661574,2.7449199945118545,7.035062847861253,1
5.310381367717958,77.6893052254232,5.270373502390326,0.0,4.074167241027346,1
6.650196529335269,93.93181257934906,8.451691703505139,4.721511509327669,7.1507811088328275,1
3.2657395685781996,88.39349114231602,7.598488236252543,4.144576694249739,7.220999731294768,0
3.6837670218494867,88.72824351005634,8.57507356233014,5.1116520551502544,7.16507401736582,1
4.3925479424466705,70.33843276629582,7.486987353253777,3.546945055234324,3.679704265327048,1
2.30825815305357,79.20611575594297,7.214485952213825,3.1391446023985683,4.663324731525618,0
3.361484280557004,76.99534051279296,4.4109840719998505,8.016946021963399,5.47893397756087,0
4.047558252910682,69.94398624310534,6.594449954858245,1.0552918769784445,2.2583159103419885,1
6.748778361425455,83.60164183945767,6.958923519394384,5.467900956728477,8.189840416172029,1
5.52512265800385,74.62354242220184,9.92966079740886,2.850796283633218,4.9754469329956486,1
5.387179822735089,86.55403829850238,8.030434948148017,3.328442764519156,5.567855775209443,1
6.701795924335944,69.29808437105669,9.304091772564293,3.3657943348520685,3.845991120545594,1
4.725256423201206,97.1904061284182,7.896306558842093,2.393131451657486,2.3462448812659544,1
5.780929699857779,71.03667341407939,5.933045159575781,5.142448420472479,3.791940229050458,1
4.793556494135007,82.19302337200436,7.175686324224777,6.7812871918999145,5.438408375267177,0
5.530724698799257,87.91859310388068,7.354335469396349,4.940027322493323,6.346857625507387,1
3.8344826847768356,74.29359569799887,5.591266645343977,4.20676399242419,5.32358308120544,0
0.12236568344714183,88.52468643432951,6.423418935110618,2.027119001801507,5.693448032483901,0
4.731441675627392,67.70816402199584,6.691349509484242,5.0336505316489015,4.325947250637247,1
7.84549627219988,94.5211769918256,9.408429748847677,8.312699263458597,5.992497132490856,1
6.852430804483185,80.14149264965758,3.8788892119135325,3.238610752409815,7.965665732771814,0
6.930794969182341,74.0358859203112,8.808727631074065,3.2480328412962676,6.409578884877973,1
7.472261443612435,77.00818227572566,5.594807147560926,2.8778217380380053,6.619083776505881,1
5.177315181922875,88.08919269392719,4.941881219095579,3.0211715310111593,5.588032798613262,1
5.394631414811191,74.15544708149562,8.769913195057697,0.0,1.9936898608007962,1
3.7646962091312997,72.50642310577223,8.09784710385157,4.810070771711426,2.9106669387375135,1
4.3678542879459,77.78463402416261,8.881778053571786,2.3088956472907727,5.909751601327686,1
6.231542299542284,68.23037887230032,8.201052921318364,0.7794737624163997,4.978121896079828,1
7.407768874337632,98.20543907941816,10.089767502606103,5.506379899465098,5.879685772945656,1
4.721107448638001,74.33605408785277,7.838085755416728,1.8359644299161277,8.352846835688148,1
4.099621470297177,88.31616786180403,6.765283935815262,3.322661892232485,6.452071998458667,0
5.001055917713194,82.09470083647773,7.514389565982014,6.93288478237716,7.517772411485643,0
6.202413497858229,70.15465949518031,8.865203692518946,1.181568403950973,5.18936277894146,1
2.1122903677329163,79.94045290787271,5.830937012109825,0.934803530804476,3.38556864503112,1
0.40763809372552373,87.84002779310748,6.022167126202929,4.538612379124676,4.884267681571318,0
3.898926301016833,78.11738664913693,6.5365599781031385,6.298974728020736,3.3904963725617243,0
2.5585751481716827,91.93112945851028,3.8431258018520014,0.8513165645360741,8.116589913544896,0
3.983719604705378,90.21515392781863,7.207117612626321,4.815379473674354,6.580782153070939,1
4.704439362365057,89.1891485465833,4.170806944073461,5.161999079923384,6.041024993256559,0
4.093503181953973,75.40343227727003,7.0795889693989285,0.0,7.471886404456207,1
7.904935068941491,69.20157552218512,8.297934634202875,5.597002675814441,0.9598871709535493,1
5.65348952920464,73.86412394637206,6.284685309034247,5.753211759684358,6.176275902685319,0
5.600948719221657,81.9624094066672,9.515673805280306,3.3764288534879503,2.3787084313912548,1
6.244414288086804,85.45786713532355,4.809248650872268,6.504692724596016,4.985488603068678,1
2.7223337644384618,58.28428595239552,8.78689102244775,6.2729111486496905,4.376584815065571,0
7.078223574840537,79.91886798388249,8.012705584610382,4.20623585143441,6.323473224193895,1
4.8484714269290805,81.58089225323184,4.425950127533966,3.097109219350133,5.456374577921911,0
6.340961234482425,77.22455743684448,11.066191448560799,2.054344214834086,7.690234347223576,1
2.856285533919689,92.9127383901588,6.904382071744051,3.9248729812676175,3.796205678134773,1
1.8924824679678713,84.21780074250871,5.6837739667665526,5.139517839408358,6.418228779266568,0
6.6357793160500576,93.10191908080897,4.889369207823975,3.3516462779187175,5.324446433797664,1
5.752819052195033,77.84039479649768,6.669972958510489,0.0,1.7294194598568948,1
3.1958968912849794,89.37477492506925,6.80888969141506,6.53742778915314,3.162767082953935,1
3.2606738374506112,96.35066394527519,7.1539682928094965,4.380446443689787,4.700243932955663,1
7.250869568829539,93.11693449272661,6.55330576566406,3.2407510066463323,7.224584899783455,1
2.6211762142653443,69.07858406571268,7.94983796517264,5.714316776846577,5.927446115114229,0
8.285345906511926,77.46323922457618,6.418555251005131,7.049277192965512,2.6649983522385714,1
3.1987585307042625,76.54835294550203,4.097553824139293,0.0,4.719367543905681,1
6.276783851216766,84.89254535076327,6.775957756525538,4.868527299844143,9.03561289758606,0
4.3427630485020305,86.86353555014533,3.4487835199400827,1.1467015783793055,5.222446669681716,1
6.206374862164687,71.61107325974264,7.530655946337085,4.998221013597883,4.345348849855209,1
3.911771995771615,80.67838513916938,5.531049654576047,4.255854404749159,5.983479281512441,1
4.674414187855412,59.800726678438636,7.245040532373701,5.2714530528811,6.52678615916394,0
5.081838350791442,94.4194500580189,8.971112472286906,3.0015047710106897,4.087663305039882,1
2.9956250884370546,74.87625759323306,5.5768769570979995,0.2535197763616961,6.0051495487428745,1
6.4816486908402515,80.55863939844497,8.591884387768177,3.0992636174866637,4.342221006658382,1
3.9735728670568298,76.90350286011939,6.34991564997077,4.813695270279566,6.438655203658877,1
4.542800169319963,91.46027575013414,9.62979220309838,6.030784657350447,5.339386315942567,1
3.0113012507829753,51.62493558602621,6.45227108020268,1.6563373990549497,5.963935654105784,1
0.0,79.83389657674091,5.739260521739963,6.054120853746035,3.4816329076649914,0
4.617944474799662,78.94181242502302,8.030857675592932,2.704255420706957,3.3574272318542815,1
9.825230843225832,75.46363612408317,6.346315405564546,4.724899763189053,6.890994609318789,1
6.569208575796048,97.26226545635632,5.737825728806487,2.9802120942687345,4.841207237229012,1
4.961479240531211,71.12670541144229,6.283240223944313,4.364341255424203,5.570069484198723,1
4.474218341583464,87.71796177235662,6.933090201725498,5.783755269140549,4.387209145826961,0
5.044931785624093,83.56252788706084,9.013270196867282,1.5459718454229283,6.797453548027288,1
6.09423823035042,92.61519252535516,4.098868381810634,2.640188206506337,3.7843800399406846,1
2.6383743693823103,73.32810915222494,7.034620988425631,4.369925174684173,4.728797520198234,0
7.228643389337744,72.67031100876241,7.937355391981065,8.803167322060705,6.571985625406263,1
6.430762630882488,90.96069907477398,7.290172862487694,2.273620575666344,7.345935398328532,1
6.436371451415869,84.2532130833011,8.9647977541503,8.080267771993839,3.9524814179466334,1
5.876951477619454,64.55062653323242,6.888482005362214,8.008846607350343,8.919367963911766,0
5.03923331538798,74.60694985536729,6.723172836721083,3.8053776985968177,5.626483387387233,0
6.34572247193364,83.86382653848061,7.888494320520015,3.4036949476001994,2.9141434763825247,1
6.1836282674827565,88.3776422154659,7.148970722427024,2.6158696026706165,5.738104097179936,1
4.2919185781179525,73.20769346807045,6.4143868925792935,3.8635949393346616,4.234001571033085,1
3.852796454206198,50.85744010183059,7.77421605937957,1.186561134880884,5.868136974366354,1
5.203712590523973,85.23223185737034,6.021207560175032,3.847521965358805,4.914287504679324,1
8.098040302990375,67.79679310056024,6.083234271971009,6.993760547701712,5.14854738038029,1
2.5217858486921982,59.82661201877589,6.20800896735158,2.7778298750465646,3.176813246827708,0
2.06494946849512,51.676740750158594,9.02960374024961,3.5185513920218985,6.98012246143272,0
5.329521682473033,88.1398086019774,2.1684754660214303,0.5977190514655164,2.6877452656979357,1
5.101775403712036,81.28617450404967,7.593398252144413,4.748124176262087,2.7824702091900098,1
5.346683328740816,77.74343619287748,7.051407721300333,4.528963369902748,5.734720698294973,0
5.487906395817,93.89024362962762,4.478694311142819,4.127404719531542,8.20568849435594,0
4.55359549073039,86.37324683023073,7.464590168704003,3.566345899555713,4.294813805871185,1
7.979726877204165,96.16300042721917,7.713627987747298,3.4144841624550906,6.401944645407932,1
1.798192043046969,66.07264527833004,7.8844588470361,5.003800467401344,7.14668035372709,0
3.343005950439508,79.65449376046037,3.0222579054325767,3.9423667968227534,6.629368874588138,0
4.793490479701905,63.83286625051986,9.049584117781658,4.6299437431106645,4.377583421652637,1
1.7136223776916655,77.70617668144533,5.893394942972739,4.429965634909096,2.817906565611851,0
4.648291191135858,77.51384146233323,8.029851620129765,6.246854574191524,0.58490486865729,1
8.322940331456037,86.26613637263071,8.11161067102343,5.353988194750109,4.474319001075213,1
5.041772976591924,80.45563881141898,5.68495437157106,4.3857236863003815,7.356174737124349,0
5.461401811437367,86.23407138279916,7.990689928527326,7.036844061304359,2.751668030476132,1
2.4796704696548395,87.03440133138895,6.421760138631463,4.840537058113123,6.400419695037531,0
3.767277183921045,100.0,3.892934230992764,6.609925377580838,3.0996949398962554,1
4.249607239352126,76.84703344713876,8.751612888291668,5.213885216773276,5.212145152773677,1
4.364569806487532,70.58977299333621,5.83743255547564,0.3161618421369141,6.415583228310036,1
7.563287590007537,82.46083615316408,5.718259805892918,6.609669526638659,3.6810091263231444,1
6.115382121450249,71.97719972860456,6.395401197944917,4.270352482685338,5.340969361393828,1
2.777084086125936,94.81960768436537,7.408355087991082,3.896090458198444,4.169817326549342,1
5.49300955686401,77.16781961054767,6.914094383766846,4.562696694979154,6.410297317876354,1
5.99644349699357,74.3442363212601,7.822100387060756,3.3100336760858653,5.470634336969274,1
7.2802980770425325,75.28684278848883,4.990765950207011,4.45405772077789,5.113015348858535,1
8.161081373136748,87.18417423471641,5.886420444353898,2.816247867313815,8.116699920283956,1
2.9698116163442627,78.42253016768515,6.826004391517699,6.54854451746874,6.324612284736604,0
3.3782849775793236,73.58333179869618,9.84683093898806,3.7728237727578993,3.619296267747422,1
2.4848442821707675,96.6535191762353,6.829281192379363,3.234832314555133,4.828272198404476,1
4.531960281786037,71.4383015933825,8.627833395492447,2.150148368561452,4.848202429840678,1
5.932716748892669,80.35566074032994,7.057832753176476,4.537551578297283,5.160639145250424,1
6.974669033178204,86.5230615161023,6.2745120438436475,4.374214200250184,10.0,1
4.848097952714954,63.686648895829265,6.629913363828339,4.7768492273550125,5.7417037854219934,0
4.360304953490312,84.80260501405925,6.7473704319566785,1.9454962249897423,0.9281948597904481,1
5.303515984497481,69.4489232451955,7.905468608441108,0.7976376023768541,3.91440205656607,1
3.329714196739954,88.22782780834002,9.061916901364832,5.25118260501312,1.1352558250083828,1
9.179077443389547,70.37348988081024,7.539521271529481,6.969283723753016,4.34040348590832,1
1.7846779457638826,86.9276903184886,8.780616518112634,1.9472927552202077,1.025379540547143,1
5.369481157791449,91.05833066294713,5.552815393555472,7.178882567123397,3.2568190578631437,0
9.04721243845928,88.61436525632806,6.378054236778954,4.567822117472762,1.9585569407317602,1
5.013599689119996,82.51316648238102,5.9135461986885,3.9858741908983406,5.768320355934955,0
4.619921929997011,77.686990570703,7.471666886312279,3.204902606908444,5.0010787252577575,1
4.285109154379145,74.23580423665156,6.461562422230879,1.2309639611500067,5.605924614997463,1
4.639216636475185,94.71034690817103,8.094659405551294,5.975457031849199,4.790897222862947,1
7.745696949353061,73.00504779832357,5.603497432551338,2.4487872771247936,2.2114044995911644,1
0.5762761773409864,69.62933926430004,7.064546459981922,2.4403866485247994,6.02704273850947,0
8.066867402592651,86.6536893503283,8.030286866518384,5.983852619773909,8.844449120538906,1
2.15208569509971,72.03863196813505,3.9020458374390845,0.23403310665654686,5.818425157213094,0
4.46669534153117,70.49936502533873,10.182446960995305,0.9528043786636666,4.148150801364868,1
4.141511159402676,65.56395737830235,6.575272172680187,3.9637315129838364,2.14386564778911,1
6.177106539541439,75.17090160539482,3.9624401294857403,4.586568858009704,3.1838660584800693,1
1.8037512962325049,79.17284976103507,7.237140847865179,4.969469295937848,5.906079313144118,0
5.9243453321638855,82.43091727660699,7.050165201959726,3.3964030132074945,7.14623605359875,1
9.048619246573704,89.51306244299484,6.87715843064126,9.06073933728338,5.521732349443952,1
2.273651990814379,85.26897923665794,8.48678666939,3.544214882468332,6.599774579411967,1
5.379412335220791,78.0912778044682,8.121167457140583,3.5384276957945557,6.415356488054486,1
3.676035644406782,78.0180432362028,7.446814286535767,2.406026662372245,6.013068782771835,0
5.851774412386072,85.10157468915183,7.675233450919971,4.247813633042142,3.683052809477488,1
5.038295554831504,92.7257016292857,6.843462325842871,5.2299224640935496,5.347847023950305,1
3.717026181911381,81.263141994832,9.663236273860072,6.40715610906692,3.3032443922357233,1
5.975744569742148,75.3086914578959,4.781205972463351,1.021431471119564,5.034857905916204,1
8.608696219573487,70.07133998914455,7.209477511323845,3.5080093232885985,5.661727062133824,1
4.618192416545402,65.54794735587774,7.09753694678317,4.893407221618288,8.35756761477371,0
6.439515884296364,86.66269672043524,8.219920609096889,5.174115069189071,2.3805360512647358,1
2.4134540842576726,85.77978523639557,5.734219183862651,4.013097315609079,5.963015261982611,0
3.0871272463639823,85.77363525106662,4.3844910964051955,5.084847939064204,7.962473183247189,0
5.9448125557607545,78.71340553647944,7.23523452414729,2.3820722141483994,6.517695531677592,1
7.96823205707193,94.0693474589175,7.421845738327907,7.115810864636714,6.665890885650083,1
5.71122669757132,75.15881505415183,9.234399114171474,5.9852562059588585,6.175389803735625,1
4.373883938953691,89.55269237207206,5.09445693051237,1.3101444258696553,7.5966689795508335,1
4.998582810846708,79.61257105010456,8.73204065007508,1.8497939037664888,2.825043663775264,1
2.499184532060565,73.91649235320662,10.551121546040683,1.9061564997861877,2.228146668059507,1
6.209030652710734,85.92530307317762,6.433352668716284,5.355939941793057,4.987331719069488,1
6.764666124646818,84.09636118683994,5.063586670760164,1.4305444671650656,0.6776757928565802,1
4.095819334333839,83.56972759266927,6.389538450439943,3.337951331583839,7.461291608356023,1
4.059915704480997,80.812784220562,7.021007451057071,4.909408792833549,7.441430390990883,0
5.531756459304097,79.62106918283169,7.845681812510372,3.8676681309071306,4.1332988898309475,1
4.126560527918809,100.0,6.112907905242929,4.517775031425412,4.258458806678981,1
4.867734770748355,91.84256645196173,9.332797801221012,1.8683945773024835,4.855305049698657,1
9.199443578333032,87.22826894985512,5.3282015274879075,5.189708746794489,5.104041300879239,1
4.505948598508007,81.11799158203388,4.3911922717408,2.773576215048007,5.254347838388571,1
4.283319695957555,90.07157200596669,8.660065636430977,3.3507606512041175,6.116464213756606,1
3.7049163887296817,85.17994776391451,3.588068453190701,4.475463455811973,4.654747293983044,0
6.4883839429998735,80.26204752774035,6.693805346690926,4.206156443061697,6.886386606955588,1
4.637551653563794,76.96435674734084,11.67652169381207,4.047960038031186,5.891895554250606,1
3.701253923357148,79.19082662337311,6.981934670560102,2.498746356046489,3.7860731082547288,1
7.642608064546025,48.29574264121945,5.318848523955626,3.400901177601616,7.670225335608195,1
7.839206009027274,82.10600839297642,6.913903804319809,4.004367181674072,2.283486027755026,1
3.7991528685225897,75.1152391988964,6.9237988170707,1.2498295336658303,4.815668378357047,1
1.2669200972787675,95.92669998282884,7.240974910529674,3.0749340673732424,6.933834802150936,0
7.015027379673844,80.19344070811755,7.993394473239429,4.775359758065693,3.553853790175711,1
3.630740348479992,68.11036580465039,5.441333247448391,1.4451267923093147,5.619111293534303,0
6.581251198325537,79.50119845871882,9.53132208285519,6.31316330318848,6.086679193998096,1
1.059792364576329,69.53878914937496,7.3676714265589265,6.539226525199686,3.278952264037522,0
6.785194676598619,84.73407415712467,8.090191069602707,1.5096988480798288,4.85504456081193,1
2.5776561414384376,82.90947364339485,6.057775900366536,6.715239266100278,4.68699233958158,0
6.461528238133049,89.57839631108267,8.9295732054933,3.7128368225757313,3.8965242963354143,1
5.028546135672868,72.09118208305435,6.614421386780403,4.83702911831411,9.60334970410155,0
3.0921211612067103,80.34008096228146,7.416328770240297,3.006697895743507,3.4737872931090488,1
4.185927374146439,66.34978204573365,5.600340884219336,5.8460896544535235,7.0098605881357665,0
6.372636913913402,87.01494781924714,5.50460256039681,4.812188037697334,4.2143979662377165,1
5.211788906230469,85.18871180440122,8.032307959679324,2.371693486804793,2.8267276222294364,1
6.168825960944968,84.9580502102757,6.334589754688921,1.669596000069423,5.205628486310138,1
8.95288116903097,80.01619031356941,5.719265368743434,1.0793951295815547,6.298186768775001,1
1.8715167765778973,84.14772890788791,6.035224986959454,4.375883552865513,6.841019150131357,0
8.234425149937248,96.04339108308596,8.048429607576132,5.144942823559472,8.124530221310138,1
5.208711875046426,77.14905742957986,6.056443208194583,5.301931357558883,10.0,0
3.2024319033537436,81.38645183710085,6.823517602596754,3.7640378107852444,5.501028407511194,1
2.3393727485220204,69.1387370081859,7.022541625430645,1.6860070886712721,3.6738156523492242,0
4.621759218445933,71.31739038401668,4.123976670984551,2.6358504039524338,5.905748653589782,1
6.843300223848919,80.97813293093307,4.793310391939723,6.304697277923852,4.467574099187017,0
4.744901759244931,91.03933546701907,7.5044168338713435,3.030742870799837,6.851932259704459,1
8.022309860494694,77.43719175748427,5.894455958270955,4.286835261362953,2.4056714072685565,1
2.0976486198968822,77.64083470687876,8.585087366920629,1.848699032850225,9.736669084800875,0
4.975822104307891,75.93114755495625,8.450210656375816,4.67316609091807,6.712096189551025,0
2.495213111173762,74.65243329155678,8.078752999533156,3.084630876641844,1.6319919644076708,1
5.727263765249936,82.94971455708821,9.729657680968897,6.093425427551527,3.581942195370056,1
6.773774780194601,65.02742354821356,6.8753660083852255,5.547115412413627,6.632162088227878,1
4.158476412637894,92.80939576666728,7.973322888855758,3.0085881068502007,7.352688112342909,1
0.0,73.34577701870539,6.123398535105953,3.7466719453046733,2.4555247455360734,0
5.397896293592989,87.21903485438142,10.678554869303085,2.8977675199187427,6.426051700865898,1
5.873477103467019,67.30001402606123,9.975450478654029,1.1611336069099805,1.1053202546761534,1
5.8085895099233955,86.68840130546218,7.017820651776688,2.2851151409055666,4.821328269057908,1
7.471564383644308,86.71944607814497,7.579879344857789,4.39643465544164,7.224093684206412,1
2.8578926407019023,83.84202072005897,9.038946399047209,4.650518996459164,3.896968539794039,1
6.360432210900899,70.05571478200207,6.77929074277884,4.297095807185277,1.9861554017239729,1
7.385015024955949,82.49548189598077,6.015063893800443,3.3965338920827284,5.292429592755118,1
1.4428248319869663,68.16943815265611,8.310984626510324,5.866133211441971,3.7905622667290437,0
5.639303651837954,77.47236744903815,7.117658869125505,4.127083809121875,6.259116732131671,1
3.991640337984657,90.29413100955325,7.274491674467891,5.406507656191895,3.229347135563879,0
4.836954653796708,87.96701927070742,5.7485929853980515,0.4524497355949628,3.454726220693799,1
5.695352967076673,80.15182942540433,4.423491777454906,0.0,0.9579953582475129,1
4.025542871772895,70.25193424077158,7.354213614818652,4.56757605567616,5.339889422102965,1
3.6485838416767766,86.45587712174193,8.3574430622413,1.150468692557021,4.678190123446803,1
5.0683048349760496,80.19381237698025,6.661289876385937,3.575096594573888,2.623230658519858,1
2.8255081222743947,56.79684401769577,9.1546442793383,3.3958059179507885,5.387597427534184,1
2.828349742229629,87.82629826316519,5.944125511876683,7.174801204831073,7.054140601288278,0
6.358746565913007,79.75767166130308,5.417943317551121,4.7999931058872125,4.568864113162101,1
2.702411929682688,92.02451247983072,6.899154539205803,4.331718053597346,5.536333899643948,0
6.332625001818424,69.04729481157196,6.876111136973064,5.673982309267347,5.546622499170328,1
5.925182585707902,48.23296186803999,8.154953097002833,4.7369951736780775,2.591340345642079,1
1.5483865424188066,82.79083858345186,5.837555763904023,3.084646014023134,9.113171641415192,0
3.64487069532869,82.91563676681973,9.052141355222346,6.14295186050912,4.058300339755432,0
7.388218806094745,63.093283723935485,9.95037544376238,1.7804997442234516,6.312232403720541,1
3.0376689377206367,70.21500454133394,6.941283959547487,4.646494375067125,6.538430554458099,0
4.071191475381225,100.0,8.874565630276479,0.9048604117273777,4.720809745768497,1
5.924121786503793,76.94389385846196,5.41525439406211,4.40788771503199,6.21359005011927,1
6.566781018565191,87.30958976376216,8.612832311772873,4.385979283545859,5.4916384436327785,1
4.496922227911009,73.49340172631616,8.570914612839193,7.352909923829325,2.164720485545188,1
3.8049796106167166,59.09697101146843,8.295155920284818,0.8700522131164412,4.335454597499823,1
7.844739723397016,78.29741753204094,6.976655366694559,2.798225648292375,3.7748981952918763,1
8.477799327595157,77.34395439713894,2.5686265881369534,5.645364853148288,4.076509917307746,1
6.957716101563591,76.00121761331629,6.0374092845218055,4.670634512794615,2.3919936443267242,1
5.1706362851300485,78.85359164493607,6.0611259734730965,4.360610102675006,7.25286743349206,1
3.3834685567181473,82.64268271645636,5.5326175929092845,2.0877285940829218,8.203985309226827,0
3.3391111868868695,78.49883048746193,7.183364506820599,2.818363303817142,6.956005951996818,1
6.045028210531515,67.35993832052637,6.371554831718148,6.490082016446513,7.541058448294286,0
5.836796441777367,84.86184791561939,5.763081985352467,3.896981612492144,4.3107303259836875,1
7.803197185892859,60.50628244677577,5.4117997776282705,4.750719392288946,3.727486330027927,1
6.300900185072278,59.496425427158,5.926730521772157,3.769623342447042,3.442825906376577,1
1.993839396480364,87.39180494701569,8.682248817774893,1.6338289695004695,6.288129845914446,1
7.103895235445837,85.07020272135357,6.008462418058759,5.867620852149994,5.4541261062882995,1
3.003878745371174,79.42604634925964,6.2275919403500914,5.006464769064992,4.8455565768031486,0
4.232057456095297,66.04551495244928,6.314953577465131,8.611273674734377,7.590297088390686,0
5.500400412503389,72.92089059325924,7.5084902707141294,1.9688372406989099,5.8098827076306865,1
8.99133497956793,77.37253252313496,7.684374232792799,5.645145842400961,3.3226847249588305,1
11.219837112010723,64.04106031425887,2.433015191135257,1.3769120679259976,3.6381823417286103,1
6.2134461182723655,72.60971341976767,8.532452820741412,4.314693135346156,6.363986598508291,1
4.633606762559224,86.5233033817668,9.15455205136563,5.953013178126329,7.0834657053091945,0
6.069011296961101,94.27305364289217,5.424720193957496,0.0,6.103360464511939,1
6.775310851747673,75.8056524734145,5.541552632897748,3.5901350515167842,8.793777495744163,1
4.358664748885617,87.56488354316099,6.324619918332592,2.8735805319147594,8.270014331462837,0
8.590422711824644,60.859399294125325,5.865993970815093,2.5960854034097562,5.882071669701526,1
5.460141518382804,86.59451241113612,7.335890310919909,4.770425304518708,3.3228386810369956,1
5.995486178182788,71.9605158527252,4.0802120704617035,6.24137141284519,2.3800249765364647,0
6.3318485041089225,83.0734561670797,5.3231085879448905,3.733442569541689,4.22523650997057,1
5.843173221228911,77.52247581760291,9.308795800262361,4.410972855120041,6.506426892832314,1
6.677881000939225,93.20414009783835,5.607670048977973,4.228617506118495,8.653294158623876,0
3.765493626906154,71.25564351660081,8.865142417154388,4.003607012712829,5.834894068821599,0
3.8833964921079387,86.27606297561832,7.5330072933852055,1.8213147245757875,7.337445588462473,1
2.79969153405661,77.20492536703466,4.286098428117613,6.216889203445786,4.509385027624395,0
5.879002461240453,78.41694521990337,7.9529937928243095,4.590390736317672,6.2455382504551,1
6.557873007024228,78.1614610684079,6.82349904671072,4.789762980005156,6.646713658954345,1
5.915545732303771,71.54326895505886,6.31679941562539,2.3869807419488356,1.0408114482949435,1
8.348984866695075,79.85901034093328,7.367435639758006,3.0815592040215187,4.173122395246979,1
4.988807962341907,79.37351777878179,7.711950228350188,3.647731604578443,6.89940076855574,1
6.337483311185025,82.41240248406729,8.06138773296193,0.931750613102297,5.54893667127313,1
2.8165982477213714,80.84505145692863,8.767379271322003,0.6239313496046437,2.606969903698134,1
4.225800595051198,87.97994549612237,7.612203869167534,2.7985041387228646,0.13975524854528754,1
6.391075515131555,89.23508616047368,4.936548866820457,5.04504153288478,4.268438509395987,1
6.698204221486288,69.49376678172199,6.289531813523213,2.6937252201401183,4.856828614212242,1
4.412066104671635,88.68772500590771,11.414572502902931,1.962389604818573,3.232154100343309,1
4.856801496283866,68.13663572890145,8.086736590572592,2.37062869352466,5.286169874055989,1
1.9642525066383811,85.87855888137734,10.553930951217247,3.089315153709375,6.012773494465789,1
4.285941598386781,86.1973878470287,9.093151123298778,3.2922820743597923,6.3413743414524655,1
6.780766327039572,60.88683108337496,7.362703107333623,8.331042904413113,0.2881621501353555,1
6.1504100322131325,80.9297924652941,7.4521106046716765,6.109241256974636,2.3714298043837596,1
6.001331442762419,75.31503886639685,6.9451299401847315,6.0495482245634555,4.390754703290529,1
5.09954737436192,72.41234742064626,4.3932930762302504,6.337160728546763,6.144346262074927,0
5.014126317256353,93.50852330699006,7.027070878702337,2.002358261331901,5.978468027100071,1
3.6793577210531057,73.46320859362581,8.816011828813295,1.5552707700255217,5.943739895753351,1
6.3976568404050695,71.9362307088195,6.100540007768195,1.7862594169318866,4.233164116062136,1
5.841945888778779,80.75694940005093,7.617929498592714,6.669012266675676,4.3447331253800785,1
5.984037695985599,86.85589746298416,8.277386568839797,2.905616422235018,3.5433414631565183,1
3.9479303146648395,78.58351413989872,5.635479341031287,1.4972876355214262,6.536388256211696,1
0.6933141602575112,91.66370545669253,6.323045703484503,3.138007599560374,3.1590224245208436,0
7.194305423507391,85.30975661964091,5.473132764284261,3.522788936570745,6.7000727903791395,1
4.042325087983191,58.2178868026857,5.76675158996589,4.536826547389124,5.415706476275292,0
3.2744484719137588,74.70533036492992,5.068592074520408,4.501902041424086,4.909911043089693,0
6.386957823827988,74.38157900648301,5.64932730793296,2.343638872252984,3.686579200447067,1
4.215974720161741,84.79360953429422,9.129183521196758,5.371312785027422,2.2889162776717473,1
7.119872768093243,53.75182943625888,5.626784456364561,2.721612932499684,3.7046944872439087,1
6.234011899153395,100.0,7.189688828591035,3.687447326589914,4.3399862627502275,1
6.367138646400955,85.3102609489421,6.245696869493566,5.37354814100671,0.26195137683749703,1
2.2680885775989315,81.4887680391769,8.768298905555408,2.7163571921113174,4.605289689330672,1
7.423887970772801,91.81567716419147,8.966743444905426,2.861297152837725,6.8487147360520115,1
5.522501062467712,100.0,8.29610497320842,5.183336099386262,6.134435810867745,1
4.261445721507593,88.70746644588404,7.459201829654133,2.284533646789961,4.007588248516985,1
5.286776934684502,89.4881309647162,6.653410694738652,3.2304159527918586,5.0938725968304555,1
1.44752953420336,81.30690024464383,5.2121879437131255,5.111484356085785,3.8876708611560007,0
5.817305622961341,78.58474246633051,9.915293321683295,8.10818488287195,5.297521466671392,1
2.941256983635857,75.242045559951,5.86049047337117,5.2108090095254935,8.080215647488064,0
2.294659428312931,71.73888008285458,7.995469520549262,4.945279525980023,6.936997605249752,0
1.9552816275642178,73.12985900300502,8.589348358935096,5.061603167345459,6.041588611385506,0
7.2253767499798505,66.49444035657017,6.167079254642006,1.8536194518659013,4.014230175232563,1
3.7414732126144226,79.24128549314976,8.557018790973943,4.231193477359816,6.499876785889677,1
8.067455419833,63.153324227736135,8.146319805008282,3.9404670233271966,1.626246097253894,1
3.9283970738954044,81.90916524143711,9.591945753072647,4.643169080745512,4.495293036018219,1
1.5852840848141065,79.63669391957659,6.2959803003599335,4.233016104951742,6.1674228396479,0
2.7669511201026817,81.46935298386688,5.071203974080428,4.759399354834225,6.480842428095503,0
7.471623240013877,74.77868429980008,6.241765366833233,3.377065610201597,6.339768980431482,1
4.688203644126665,100.0,7.3132803138014975,4.1172178347435855,5.589661378419389,1
3.903425407018798,93.60115900180313,7.0873190906275845,1.5443428678860158,4.608550041832234,1
5.320036451705575,67.55457499915278,6.409843155588174,3.3601854439941725,6.0759519396529775,1
6.00356547233509,82.32868087426898,4.136203811534136,6.781667096353287,3.094277918827399,1
7.234797631804922,73.91993857062677,7.70572449419366,4.637616679256512,3.3106454734135005,1
7.896998459785852,69.85520273292586,9.9585167186233,3.9581579252338464,5.123469352920593,1
4.280462708421829,66.59927928876066,7.6963768571845055,7.7922465525086935,5.346395285417495,0
2.3479046278359235,84.32216690759253,7.91370327858027,1.2783300433978417,1.3487696428707072,1
4.173069677753448,73.18619764930426,7.858667959232653,1.7810888891075605,5.910292761899037,1
5.520561013165772,89.67826024025204,7.5955700048236,7.425422822552545,6.545456755838787,0
3.0724821475787785,89.9378221453044,8.397498950302142,4.091921872097868,4.845429525067409,1
3.0856981702099144,93.7391438521145,7.593060521778499,3.5148339274204123,9.748932566567984,0
5.687575763099771,71.47613233925897,6.530984245520086,1.6015913498087135,3.634129787369628,1
4.902695296859098,84.7536561069201,5.806016634986869,4.895392532790024,4.2778256732262605,1
5.065593990823173,86.32454216642302,6.626539517078987,5.088919739054925,4.209866187745582,1
3.4830093305998613,75.25821824896035,7.471194244675999,1.8110112783302075,4.847624777417965,1
4.539198571588465,72.28228042607125,6.52587555831554,3.7194488288991434,4.342550374067418,1
3.151533711463391,96.09520665775973,7.471508024697146,3.328968335933868,2.1863789107902565,1
6.780396822249574,82.27495875732053,7.658725200550626,4.511954292837542,3.9069034075270492,1
7.070498669447505,86.35967750711738,8.249769146905273,1.7614995155587123,4.804758608451848,1
1.3076242755238123,71.77923988172073,8.92419245325847,6.5038949090263145,7.457144164123995,0
3.14097827961518,67.80715533477806,7.117011127718286,5.831647563195208,9.404486546745826,0
2.006941489819842,74.30550225507889,5.038335152278509,3.273648882534368,7.670947795701309,0
3.699952131186204,78.75978612610002,6.482343854771215,3.5671625767232578,3.449241940654787,0
4.833124060419278,69.3577999318265,7.066093851109899,3.727155699444768,3.608380778747669,1
2.10070956060294,79.90155191349616,4.246346865734365,2.4433828939869935,4.681342844981298,0
3.1562803737493734,63.114948119315,9.082996780153723,3.113141163529929,8.569117777707172,1
2.992085255837003,68.79952577530128,7.2135668687656995,3.459459264650782,4.6691518956362135,0
5.414534658797888,86.70911248276875,7.572029251870427,7.225736741414256,2.3449850189251387,1
5.138688674072501,86.03790520277894,9.0482896937894,5.893236616660873,3.9976457260939298,1
3.556524893325493,76.08123234613133,6.054785754786479,5.869309414673247,6.514112003638834,0
5.353641744278796,69.82235690923046,7.861062896326045,4.73985122600878,6.379880553792174,1
3.906639830825469,69.72596448473989,6.835203815347096,1.7653459821375308,4.5995666670166875,1
4.456689779347894,76.26731754058686,6.723869699476121,3.9170177908452417,6.366829347120062,0
8.346904180597074,86.44518491645292,5.841711418293431,5.94097691922676,0.4536555949063361,1
7.680922103580696,89.28245691344324,9.49840482052979,1.4834707412654242,5.207658470065395,1
2.4008375261448047,75.03468264518031,6.436749939886644,5.273106413746529,6.72137084273726,0
6.6594648357583495,68.46507574015216,8.049196370343553,8.645218450525533,3.3342734496909294,1
6.622793108983184,82.67843637866333,4.187488918792095,6.123633291979464,3.3273229270074243,1
2.7034734224947634,71.76465029374151,8.76998279453468,6.828058271123975,1.2671036944730494,0
6.637555287509722,74.81747361138798,8.578316733935587,4.436677500884321,8.179791189621389,1
8.075863836825105,93.25276090437038,7.146151165445954,5.93586389752998,3.559692045956867,1
2.7549103875111722,88.27115428565767,6.659586300793113,2.564293571291929,5.482086555724224,1
3.164994357971473,81.57974312251451,7.600000008420349,5.591727624682453,6.207834082966749,0
7.035322933687005,67.28080998887278,10.433185991320434,5.308776268121527,8.024135898282907,1
5.542990621651296,82.11396567470659,4.355144951644773,4.579822348075326,4.692204452028729,0
6.1029525504790465,90.62657290787527,8.173041081361191,6.632014839436996,3.9211404124431626,1
5.681178432800993,76.24366334234465,5.632574046769146,2.922430324305223,5.346135297141107,1
5.781391841856288,93.51114089986714,6.970122405550403,3.625884967052675,7.568160553084574,1
2.347055743377834,92.92745289518207,6.628179821382005,4.1909240827165934,4.659654937198432,0
7.094635413242896,96.63732832143474,6.357522613303367,1.9407780578211988,3.0902618368318473,1
7.339179984855547,83.05243126531353,6.984302306420906,4.4538638876004955,1.9184843833692753,1
4.541218511863945,85.87391699806012,5.298743282083314,0.5621391740923061,2.5574052307895494,1
4.913046100372275,94.1418728833109,8.54377065419195,6.093909068856418,6.728782994813329,1
1.9377849948885557,84.47393937068975,4.308784733202099,4.093274733131931,4.358751047386377,0
6.0285095120356695,74.98765892209788,7.809646769242513,2.9582141921924734,3.784958180158579,1
6.144114883428288,75.51457163472139,6.510196221198143,2.331252775409757,3.568065553632115,1
4.875617966001378,82.38554953773739,5.24361265928882,3.5308419407616247,5.170091720400364,1
7.248706719741005,67.0943857805378,7.303575055898043,5.3765194215448275,4.521089812468833,1
4.331845538040119,78.56741084635807,4.664573369940284,5.095477957475121,4.453735712561495,0
6.1292118517872005,90.96547118230254,7.059570732579452,2.588924105443078,7.698647855621479,1
2.960671322615769,58.08746148834719,4.865684638282668,2.307920654744731,8.076032563723267,0
4.952895698251524,95.34482101794515,7.691908126476747,5.313797412639294,1.779956654182007,1
4.651291484194329,91.22374218703159,5.613463999554437,2.555305190769941,5.655185462285916,1
5.4506158440818835,75.40235384169523,6.323508974456036,4.119819548159007,3.4462758027572153,1
4.260946142333283,85.43390827871809,7.440924081914743,4.2475092850485545,4.503497772277813,1
4.737054808656664,80.03147726906326,5.841186832236646,4.624124263453477,5.618556770253389,1
6.652094342883013,92.29990368438683,6.913054000497546,5.716540860363743,4.574560166138161,1
4.126471525523565,89.82683142769942,4.72925424813272,1.4740741262653545,5.4609197612552665,1
1.7868457985226414,65.99929276816991,7.946313405394234,0.1776813494790246,6.345940412063835,1
8.499167808410842,85.87262413464177,9.647370708326157,2.8651054375432965,5.58915360108064,1
7.7629081573809735,77.94372146356753,11.188313301864941,7.603056815664372,3.706327391664753,1
2.4154746097887627,80.828325705181,7.136752219999659,8.044348200174756,3.7416007860593523,0
6.379415610490389,72.71828099030185,8.18230621119578,7.662354271131775,2.120589406763929,1
3.9940504588973136,97.48137069120835,4.329061490638766,3.614037264478621,3.2921594049585634,1
5.526974430662119,90.40061819902576,9.254101489458382,0.43576983603034236,8.924136723797057,1
5.588448258026988,72.60228836027032,8.164342757086159,0.0,3.415992851809511,1
4.531184399367356,66.65389393089768,6.2740998325731505,2.771923676901178,2.6132423751123603,1
3.432468668827207,76.14327369022152,8.855771200433514,3.6038527397012796,5.639855723689546,1
3.618917895367481,84.34502646091306,6.6182858850319874,6.601250802111918,4.7792704814162805,0
3.1676161690375153,82.40205843946222,6.312962225478165,5.735610919084891,4.6088135263015495,1
3.3363555835391105,92.53132824768244,7.713002388141237,4.454810157983241,7.81809193282418,0
4.865643419901289,87.89919722180852,5.404968250254522,2.2203104581177167,6.09825335111673,1
3.5684800217784964,89.69569025752907,8.532437146599921,2.0784408835102193,3.9400141365930494,1
6.36410413142524,83.26855400610437,5.4160152821097345,4.508255374142871,4.15104816481644,1
7.974492310671854,66.1070126978901,5.42491781526522,5.394101957679453,3.99482697218863,1
3.839893517259914,78.04301468853099,5.6354653173874985,4.783762524491169,6.749479243160514,0
5.478809001070754,90.60089739908665,8.139250056274182,1.9308040807866904,4.383704741093725,1
5.999370220605868,79.48477071475354,6.074836957720438,5.301335257584173,1.413692995091699,1
5.944004541838549,85.03090368623747,4.978006323449247,4.851821934202823,4.903360642531311,1
5.151910535832175,76.81251684753867,6.091480000096303,1.8586671876196434,1.9259479977441418,1
6.4853648367194445,69.70188151458154,6.95193644397927,2.4313580593994883,9.368461203509803,1
5.9644979053613145,78.76655935953889,5.228541274503422,5.376991949123133,3.068664172305538,1
2.5246751553454043,83.09047443032654,5.272478336448485,3.530984929708218,4.676270469284539,0
6.738312128778547,73.44312280538557,10.166944501149377,7.1782946032729145,5.516405469402274,1
6.774581674533485,77.64288755143332,5.70915189427917,5.0022585521291525,4.42268367864154,1
3.4734277916428367,70.60536758014017,6.51543644684049,3.026737623621462,4.419939197067615,1
5.075875670895204,91.19244917564096,6.449144498801071,3.9795887992181345,5.843654572321754,1
6.366657985622139,77.05544242411966,6.367964788344337,4.126766785275437,8.052431917592557,1
4.581372360841277,94.52755545126183,7.932020109953653,2.54321937351658,6.535018163634595,1
7.145956095532023,95.28747850540908,8.422214425708074,2.1748236036447466,7.9570277571470855,1
9.727744989238722,79.18954035278256,6.541068352702612,5.402779787618998,2.906761783812996,1
3.4280279347300353,69.9155126745265,5.145282570111476,5.690546594084191,5.634725266510722,0
2.2379107936924503,59.14102122266662,8.911660341773356,5.207562939105918,5.310492104116559,0
5.607637191209752,65.27962926973208,6.856988363204976,7.030636188647604,5.702182583353469,1
6.443125010252287,66.2616517510134,9.595482722285753,2.9164535279767962,7.752463941271145,1
4.538267252310462,93.78469627461504,3.631621153652256,7.34854153214226,4.558421700415892,0
7.906521326642069,81.15824587226946,7.29310483192498,2.1981577628916944,4.188993266891824,1
2.3227884005535024,83.89604524091988,9.877909500814312,1.9746288732630144,6.067961594837328,1
6.385837246063222,57.795789910648736,6.470103796842762,0.48008223570149955,1.4435945448683052,1
3.7882783584822133,68.02033570782739,6.661759864998046,3.108409372346366,4.526295901755644,0
8.438755812414593,88.87079776446286,7.443267537385508,2.9925553263410927,4.731604621429094,1
8.985030706336236,82.86774112382587,6.161806271672564,5.051874560509301,3.1592827673861494,1
3.466686824433304,78.52794721314403,6.531892101920901,4.487781883240902,7.114118022713154,1
3.90088572818284,85.64842358600123,6.493277358712896,1.6140532579617264,2.8755193653134317,1
6.719175773959604,96.35797806135815,6.058868898360441,3.214547523148365,4.728253903272408,1
4.225738700420971,77.7895753646295,8.84328482530084,3.257075957824629,5.586314450645936,1
4.909177564135524,80.69369802658069,7.691617048444653,0.4480355060762147,7.706903122952237,1
5.05077684108482,81.92596918731306,7.375942348154953,2.0381065459732612,4.978887130238293,1
1.1606536876046873,100.0,8.212856510335175,2.4583727387718213,6.872307188256421,0
4.972324507811526,59.006437355809744,6.6034662501948,6.867250039641893,6.401190794554255,0
3.6205444518716523,86.83223014788808,5.838694272470649,4.382901431914705,5.246915112338285,1
4.013754355200456,78.85197751240936,6.096063543078164,5.324337507894999,2.820973183453089,1
7.887264006937628,85.6677172618418,7.002674561656914,1.002729005701576,2.1308382781913022,1
2.4869862114414873,73.42627446005275,5.411182437440647,6.388428966027984,5.213010802838373,0
6.626410373495954,79.5103496914155,6.249608475119986,6.602204126048186,3.9146062521947727,1
4.442074139336383,87.11410579465495,6.225825037192848,0.003310065710747878,6.838522183362583,1
4.440479663008331,100.0,10.18683434474352,2.5893665521683036,6.491713036197155,1
6.580743792103423,88.08036189402071,2.839277590099125,4.99153114603102,4.6307780111259005,0
5.680102589137781,71.51934401969491,6.73057041789155,5.288776907076365,2.6845741521174613,1
